-- ============================================================
-- IA LAB — SQL Dump (schema + data)
-- Generated: 2026-04-24T12:42:07.769Z
-- Source: https://ugnokhvilyvhqkbwdban.supabase.co
-- ============================================================

SET client_encoding = 'UTF8';
SET standard_conforming_strings = on;

-- ------------------------------------------------------------
-- Table: use_case_accompaniment
-- ------------------------------------------------------------

CREATE TABLE IF NOT EXISTS public.use_case_accompaniment (
  id uuid NOT NULL,
  use_case_id uuid NOT NULL,
  mission_client text,
  consultant_id uuid,
  jours_economises integer,
  updated_at timestamptz NOT NULL
);

INSERT INTO public.use_case_accompaniment (id, use_case_id, mission_client, consultant_id, jours_economises, updated_at) VALUES ('d29ea1ab-236f-421d-9bce-7d231c61ae5a', '70260894-b164-4ed3-bde3-8b2c15b9150b', NULL, 'b43ff625-e0d6-4e47-9c61-46299e684897', 8.5, '2026-03-31T08:18:39.360513+00:00');

-- ------------------------------------------------------------
-- Table: use_case_tags
-- ------------------------------------------------------------

CREATE TABLE IF NOT EXISTS public.use_case_tags (
  use_case_id uuid NOT NULL,
  tag_id uuid NOT NULL
);

INSERT INTO public.use_case_tags (use_case_id, tag_id) VALUES ('8889c372-dbd5-4a08-9d79-685724a63185', '022eecf1-1ac5-42b5-ad51-f34fdd6898e1');
INSERT INTO public.use_case_tags (use_case_id, tag_id) VALUES ('f659a849-3c33-4df7-ad5a-22efb6ae0a7d', '022eecf1-1ac5-42b5-ad51-f34fdd6898e1');
INSERT INTO public.use_case_tags (use_case_id, tag_id) VALUES ('07827b31-bcf9-4df8-a1b4-6ae8f16ed18b', '022eecf1-1ac5-42b5-ad51-f34fdd6898e1');
INSERT INTO public.use_case_tags (use_case_id, tag_id) VALUES ('96638407-4d86-41a9-8daa-b4545e6499bf', '022eecf1-1ac5-42b5-ad51-f34fdd6898e1');
INSERT INTO public.use_case_tags (use_case_id, tag_id) VALUES ('986f5e3c-3aa7-412c-936c-b7002ec7339b', '022eecf1-1ac5-42b5-ad51-f34fdd6898e1');
INSERT INTO public.use_case_tags (use_case_id, tag_id) VALUES ('410a2f12-d4b0-4a11-938e-9799a8afd11a', '022eecf1-1ac5-42b5-ad51-f34fdd6898e1');
INSERT INTO public.use_case_tags (use_case_id, tag_id) VALUES ('365213ea-a940-46f3-bc47-8400415f197a', '022eecf1-1ac5-42b5-ad51-f34fdd6898e1');
INSERT INTO public.use_case_tags (use_case_id, tag_id) VALUES ('9ef0abf4-a9fb-499b-8ec2-2a07b022ba6e', '022eecf1-1ac5-42b5-ad51-f34fdd6898e1');
INSERT INTO public.use_case_tags (use_case_id, tag_id) VALUES ('70260894-b164-4ed3-bde3-8b2c15b9150b', 'af86c43e-adbd-47b7-8077-56a216327273');
INSERT INTO public.use_case_tags (use_case_id, tag_id) VALUES ('ef96a50c-4eee-4afd-81fd-ddfdb8b24a5a', 'af86c43e-adbd-47b7-8077-56a216327273');
INSERT INTO public.use_case_tags (use_case_id, tag_id) VALUES ('1048576d-65cb-4daf-b536-dd1511f83eec', 'aa0953c2-0d53-4afb-9d50-80603b8a162e');
INSERT INTO public.use_case_tags (use_case_id, tag_id) VALUES ('d3ee69cd-5b52-48d5-80bc-9fa6d21d5ae3', 'b60333a3-adea-4e1d-bdf8-f58221b51e35');
INSERT INTO public.use_case_tags (use_case_id, tag_id) VALUES ('b1cd4a31-09d3-4f09-959b-9d3d6974589b', '9be68b66-380d-4c80-84e0-457aada82464');
INSERT INTO public.use_case_tags (use_case_id, tag_id) VALUES ('b1cd4a31-09d3-4f09-959b-9d3d6974589b', 'd69a896f-05cc-4ecb-9712-f3247e46af6a');
INSERT INTO public.use_case_tags (use_case_id, tag_id) VALUES ('53ac04df-7b3c-4611-817f-bb3ab974a1b8', '9be68b66-380d-4c80-84e0-457aada82464');
INSERT INTO public.use_case_tags (use_case_id, tag_id) VALUES ('53ac04df-7b3c-4611-817f-bb3ab974a1b8', 'd69a896f-05cc-4ecb-9712-f3247e46af6a');
INSERT INTO public.use_case_tags (use_case_id, tag_id) VALUES ('48e88d79-0ec6-4a52-8a54-f6d951b455bd', '9cc3a619-9e5f-4494-9fad-5b49f7cfe927');
INSERT INTO public.use_case_tags (use_case_id, tag_id) VALUES ('50d2bd6d-7176-42fd-b8bd-37986b0a7b47', 'aa0953c2-0d53-4afb-9d50-80603b8a162e');
INSERT INTO public.use_case_tags (use_case_id, tag_id) VALUES ('de268926-9ec3-49e6-9626-04d82073c6d9', 'f3534806-356a-4a9c-86f6-80897bde70b9');
INSERT INTO public.use_case_tags (use_case_id, tag_id) VALUES ('4825223d-19c0-470e-b9c5-ea340d9ec0b3', '7cb761b5-0b9e-4002-94fd-0931989828ae');
INSERT INTO public.use_case_tags (use_case_id, tag_id) VALUES ('c5806baa-5768-4f1f-afea-c20ce0a608a8', '7cb761b5-0b9e-4002-94fd-0931989828ae');
INSERT INTO public.use_case_tags (use_case_id, tag_id) VALUES ('e6b0359a-9de2-44f4-a5d5-fe2a28e4152c', 'aa0953c2-0d53-4afb-9d50-80603b8a162e');
INSERT INTO public.use_case_tags (use_case_id, tag_id) VALUES ('a5efa13f-0d4c-45bc-bd2a-6c089fb24594', '4e40e8b8-af1d-4d31-add7-2ecb9a8649da');
INSERT INTO public.use_case_tags (use_case_id, tag_id) VALUES ('a5efa13f-0d4c-45bc-bd2a-6c089fb24594', '9e5837e8-c06f-4c8d-80b6-76ec2d34e1bc');
INSERT INTO public.use_case_tags (use_case_id, tag_id) VALUES ('aedb7fc1-0b24-4554-a3cd-c2556805a27b', 'f3534806-356a-4a9c-86f6-80897bde70b9');
INSERT INTO public.use_case_tags (use_case_id, tag_id) VALUES ('8a466b35-5e8f-4b47-aab4-00ff892b4482', '4e40e8b8-af1d-4d31-add7-2ecb9a8649da');
INSERT INTO public.use_case_tags (use_case_id, tag_id) VALUES ('8a466b35-5e8f-4b47-aab4-00ff892b4482', '9e5837e8-c06f-4c8d-80b6-76ec2d34e1bc');
INSERT INTO public.use_case_tags (use_case_id, tag_id) VALUES ('1d7b42ef-fdf0-4c7a-ab39-804b10ccee2a', '4e40e8b8-af1d-4d31-add7-2ecb9a8649da');
INSERT INTO public.use_case_tags (use_case_id, tag_id) VALUES ('1d7b42ef-fdf0-4c7a-ab39-804b10ccee2a', '9e5837e8-c06f-4c8d-80b6-76ec2d34e1bc');
INSERT INTO public.use_case_tags (use_case_id, tag_id) VALUES ('bf80da98-8340-461f-8fa5-18a20b216aa3', 'd69a896f-05cc-4ecb-9712-f3247e46af6a');
INSERT INTO public.use_case_tags (use_case_id, tag_id) VALUES ('7b0c165b-6eea-406a-b0cf-860a43d1a0eb', '7cb761b5-0b9e-4002-94fd-0931989828ae');
INSERT INTO public.use_case_tags (use_case_id, tag_id) VALUES ('60252ded-d375-4a09-83f8-2eafedf37464', '9cc3a619-9e5f-4494-9fad-5b49f7cfe927');
INSERT INTO public.use_case_tags (use_case_id, tag_id) VALUES ('4ec42e1e-64c1-4de8-98b9-5002a9c5be36', '4e40e8b8-af1d-4d31-add7-2ecb9a8649da');
INSERT INTO public.use_case_tags (use_case_id, tag_id) VALUES ('4ec42e1e-64c1-4de8-98b9-5002a9c5be36', '9e5837e8-c06f-4c8d-80b6-76ec2d34e1bc');
INSERT INTO public.use_case_tags (use_case_id, tag_id) VALUES ('c512ed8b-39e1-4844-893a-6f3449ca01be', '4e40e8b8-af1d-4d31-add7-2ecb9a8649da');
INSERT INTO public.use_case_tags (use_case_id, tag_id) VALUES ('c512ed8b-39e1-4844-893a-6f3449ca01be', '9e5837e8-c06f-4c8d-80b6-76ec2d34e1bc');
INSERT INTO public.use_case_tags (use_case_id, tag_id) VALUES ('ede1d37d-0cbd-4303-8faa-7572dcdca4dc', '4e40e8b8-af1d-4d31-add7-2ecb9a8649da');
INSERT INTO public.use_case_tags (use_case_id, tag_id) VALUES ('ede1d37d-0cbd-4303-8faa-7572dcdca4dc', '9e5837e8-c06f-4c8d-80b6-76ec2d34e1bc');
INSERT INTO public.use_case_tags (use_case_id, tag_id) VALUES ('18d383f0-ae15-42b8-82de-ec788df7e174', 'c475d624-39f3-4972-8733-bcd99caecae7');
INSERT INTO public.use_case_tags (use_case_id, tag_id) VALUES ('c89ced71-6982-4ab9-885b-874c3c1b06c2', 'af86c43e-adbd-47b7-8077-56a216327273');
INSERT INTO public.use_case_tags (use_case_id, tag_id) VALUES ('49de9914-4440-4660-90e1-06752b335777', '4e40e8b8-af1d-4d31-add7-2ecb9a8649da');
INSERT INTO public.use_case_tags (use_case_id, tag_id) VALUES ('49de9914-4440-4660-90e1-06752b335777', '9e5837e8-c06f-4c8d-80b6-76ec2d34e1bc');
INSERT INTO public.use_case_tags (use_case_id, tag_id) VALUES ('ec728565-e42b-4bd3-b8d7-2ecc3eaf45ae', 'd69a896f-05cc-4ecb-9712-f3247e46af6a');
INSERT INTO public.use_case_tags (use_case_id, tag_id) VALUES ('e75ea23c-9e12-4f19-a87d-b3453cf587a2', 'af86c43e-adbd-47b7-8077-56a216327273');
INSERT INTO public.use_case_tags (use_case_id, tag_id) VALUES ('83d9d6df-7491-4ca6-a357-59e437959263', '4e40e8b8-af1d-4d31-add7-2ecb9a8649da');
INSERT INTO public.use_case_tags (use_case_id, tag_id) VALUES ('83d9d6df-7491-4ca6-a357-59e437959263', '9e5837e8-c06f-4c8d-80b6-76ec2d34e1bc');
INSERT INTO public.use_case_tags (use_case_id, tag_id) VALUES ('7b2542a4-f79a-4448-900c-f503066cf9fb', '7cb761b5-0b9e-4002-94fd-0931989828ae');
INSERT INTO public.use_case_tags (use_case_id, tag_id) VALUES ('803eef84-afe7-48b5-9998-f086e1f54312', '7cb761b5-0b9e-4002-94fd-0931989828ae');
INSERT INTO public.use_case_tags (use_case_id, tag_id) VALUES ('c7d68a02-b813-45d5-9c31-c00b6154ff36', '4efe3121-1ad9-42ea-9505-fb8e01da20c0');
INSERT INTO public.use_case_tags (use_case_id, tag_id) VALUES ('3d95c209-14d0-4aae-adf5-75138588b1cd', '4e40e8b8-af1d-4d31-add7-2ecb9a8649da');
INSERT INTO public.use_case_tags (use_case_id, tag_id) VALUES ('3d95c209-14d0-4aae-adf5-75138588b1cd', '9e5837e8-c06f-4c8d-80b6-76ec2d34e1bc');
INSERT INTO public.use_case_tags (use_case_id, tag_id) VALUES ('dc3676bb-0f18-4250-90c8-448275a46a33', 'aa0953c2-0d53-4afb-9d50-80603b8a162e');
INSERT INTO public.use_case_tags (use_case_id, tag_id) VALUES ('996d0c94-184c-418c-97ab-d7a75d8c6dcd', '7cb761b5-0b9e-4002-94fd-0931989828ae');
INSERT INTO public.use_case_tags (use_case_id, tag_id) VALUES ('5ea24791-046f-40d9-bb7f-aacb90af57b0', '4efe3121-1ad9-42ea-9505-fb8e01da20c0');
INSERT INTO public.use_case_tags (use_case_id, tag_id) VALUES ('5d1b69b5-a994-48dd-be67-adc85120ca5b', 'af86c43e-adbd-47b7-8077-56a216327273');
INSERT INTO public.use_case_tags (use_case_id, tag_id) VALUES ('e19041ef-39b3-4fec-a9c8-fd5897d2c275', '9cc3a619-9e5f-4494-9fad-5b49f7cfe927');
INSERT INTO public.use_case_tags (use_case_id, tag_id) VALUES ('7a54e41f-6fb3-4e67-8116-ec4f5a9e34f0', '4e40e8b8-af1d-4d31-add7-2ecb9a8649da');
INSERT INTO public.use_case_tags (use_case_id, tag_id) VALUES ('7a54e41f-6fb3-4e67-8116-ec4f5a9e34f0', '9e5837e8-c06f-4c8d-80b6-76ec2d34e1bc');
INSERT INTO public.use_case_tags (use_case_id, tag_id) VALUES ('7abe2bbd-c7d4-4517-9747-e5928d562b93', 'f3534806-356a-4a9c-86f6-80897bde70b9');
INSERT INTO public.use_case_tags (use_case_id, tag_id) VALUES ('94fcfdc8-c7ce-46cd-9401-12a82755ed77', 'c475d624-39f3-4972-8733-bcd99caecae7');
INSERT INTO public.use_case_tags (use_case_id, tag_id) VALUES ('aa89fd3d-d5be-43e3-b48b-00759a30fe0c', 'd69a896f-05cc-4ecb-9712-f3247e46af6a');
INSERT INTO public.use_case_tags (use_case_id, tag_id) VALUES ('e577f980-db54-415c-907c-a6354f909393', '4e40e8b8-af1d-4d31-add7-2ecb9a8649da');
INSERT INTO public.use_case_tags (use_case_id, tag_id) VALUES ('e577f980-db54-415c-907c-a6354f909393', '9e5837e8-c06f-4c8d-80b6-76ec2d34e1bc');
INSERT INTO public.use_case_tags (use_case_id, tag_id) VALUES ('8f3a3cb9-a909-4e7b-885e-f74d8cc89fd7', 'c475d624-39f3-4972-8733-bcd99caecae7');
INSERT INTO public.use_case_tags (use_case_id, tag_id) VALUES ('b0837458-6f5a-4090-8c8a-4d790bae9b66', '9cc3a619-9e5f-4494-9fad-5b49f7cfe927');
INSERT INTO public.use_case_tags (use_case_id, tag_id) VALUES ('f16f1d55-a003-4c5b-b039-eb9d77617f3d', '9f5436d9-fd44-4e68-8daf-21c630c374bc');
INSERT INTO public.use_case_tags (use_case_id, tag_id) VALUES ('0ad48eee-c5b1-419e-9f44-4d1647fd0aa7', '7cb761b5-0b9e-4002-94fd-0931989828ae');
INSERT INTO public.use_case_tags (use_case_id, tag_id) VALUES ('4102e5ad-5883-4ff6-a76b-fbc9e758afd9', '9f5436d9-fd44-4e68-8daf-21c630c374bc');
INSERT INTO public.use_case_tags (use_case_id, tag_id) VALUES ('c7001e2c-f6ac-49f9-b2df-59562205509f', 'f3534806-356a-4a9c-86f6-80897bde70b9');
INSERT INTO public.use_case_tags (use_case_id, tag_id) VALUES ('86899fb6-fa99-4138-934c-7fba154b07cd', '7cb761b5-0b9e-4002-94fd-0931989828ae');
INSERT INTO public.use_case_tags (use_case_id, tag_id) VALUES ('5ab17601-ae27-4bdc-89a2-2179b44c2b02', '4e40e8b8-af1d-4d31-add7-2ecb9a8649da');
INSERT INTO public.use_case_tags (use_case_id, tag_id) VALUES ('5ab17601-ae27-4bdc-89a2-2179b44c2b02', '9e5837e8-c06f-4c8d-80b6-76ec2d34e1bc');
INSERT INTO public.use_case_tags (use_case_id, tag_id) VALUES ('18b27927-8cb7-4f96-99d9-0984e125ecb8', 'd69a896f-05cc-4ecb-9712-f3247e46af6a');
INSERT INTO public.use_case_tags (use_case_id, tag_id) VALUES ('6dee530c-44bb-4620-a0bd-016f3a4ecf29', 'f3534806-356a-4a9c-86f6-80897bde70b9');
INSERT INTO public.use_case_tags (use_case_id, tag_id) VALUES ('df5cbba5-3b85-4b10-80a0-2a294782c555', '604937bd-dcfe-443d-834c-f1566d927e62');
INSERT INTO public.use_case_tags (use_case_id, tag_id) VALUES ('4ff98520-e966-4475-9f15-c59c05919621', 'ce5011df-666a-4882-9361-73664bd08563');
INSERT INTO public.use_case_tags (use_case_id, tag_id) VALUES ('09d1169b-238d-4efb-a69b-4376d5ff862e', 'c475d624-39f3-4972-8733-bcd99caecae7');
INSERT INTO public.use_case_tags (use_case_id, tag_id) VALUES ('f76c67d7-c1a9-4395-b156-e08727780ace', '4e40e8b8-af1d-4d31-add7-2ecb9a8649da');
INSERT INTO public.use_case_tags (use_case_id, tag_id) VALUES ('f76c67d7-c1a9-4395-b156-e08727780ace', '9e5837e8-c06f-4c8d-80b6-76ec2d34e1bc');
INSERT INTO public.use_case_tags (use_case_id, tag_id) VALUES ('d700f53c-f4a5-40b0-9890-36db20ec5efe', '4e40e8b8-af1d-4d31-add7-2ecb9a8649da');
INSERT INTO public.use_case_tags (use_case_id, tag_id) VALUES ('d700f53c-f4a5-40b0-9890-36db20ec5efe', '9e5837e8-c06f-4c8d-80b6-76ec2d34e1bc');
INSERT INTO public.use_case_tags (use_case_id, tag_id) VALUES ('973ee4dd-b110-4e78-a6cc-b2b9539b4b77', 'ce5011df-666a-4882-9361-73664bd08563');
INSERT INTO public.use_case_tags (use_case_id, tag_id) VALUES ('85530c87-fb95-4632-833d-b30e32622f6e', '9f5436d9-fd44-4e68-8daf-21c630c374bc');
INSERT INTO public.use_case_tags (use_case_id, tag_id) VALUES ('8960a5e2-0333-41e3-a920-9773ae3052ab', 'd69a896f-05cc-4ecb-9712-f3247e46af6a');
INSERT INTO public.use_case_tags (use_case_id, tag_id) VALUES ('18eb0240-5ad3-4bc0-bd8d-8ab40c5ea0ba', '7cb761b5-0b9e-4002-94fd-0931989828ae');
INSERT INTO public.use_case_tags (use_case_id, tag_id) VALUES ('1ed7fb2c-95bb-4680-b3e6-df064f334c19', 'd69a896f-05cc-4ecb-9712-f3247e46af6a');
INSERT INTO public.use_case_tags (use_case_id, tag_id) VALUES ('b77137d0-09a2-44c9-819e-cd168de4a1d8', '604937bd-dcfe-443d-834c-f1566d927e62');
INSERT INTO public.use_case_tags (use_case_id, tag_id) VALUES ('05f28e12-2bff-4cf8-ab3f-4bb6791b0384', '9e5837e8-c06f-4c8d-80b6-76ec2d34e1bc');
INSERT INTO public.use_case_tags (use_case_id, tag_id) VALUES ('fdc0a04f-2dae-458c-9f7c-7b9af385c5e3', '604937bd-dcfe-443d-834c-f1566d927e62');

-- ------------------------------------------------------------
-- Table: sprint_use_case_assignments
-- ------------------------------------------------------------

CREATE TABLE IF NOT EXISTS public.sprint_use_case_assignments (
  id uuid NOT NULL,
  sprint_use_case_id uuid NOT NULL,
  profile_id uuid NOT NULL,
  estimated_days integer,
  created_at timestamptz NOT NULL
);

INSERT INTO public.sprint_use_case_assignments (id, sprint_use_case_id, profile_id, estimated_days, created_at) VALUES ('09c346d5-c112-4ea0-b356-2b3e1ef69667', '0a9ff560-7577-401f-be25-b08ff1375f93', '886732c3-3bc7-4c3e-a17c-aa455544334c', 4, '2026-04-09T09:24:08.177568+00:00');
INSERT INTO public.sprint_use_case_assignments (id, sprint_use_case_id, profile_id, estimated_days, created_at) VALUES ('63ae5b8a-5436-45fd-ac8a-f76faa71371e', '0a9ff560-7577-401f-be25-b08ff1375f93', 'a7dbac9f-2825-48d9-82ae-9ef33a334d60', 3, '2026-04-09T10:19:28.189739+00:00');
INSERT INTO public.sprint_use_case_assignments (id, sprint_use_case_id, profile_id, estimated_days, created_at) VALUES ('e90c4916-078c-4968-a581-b189ebc5355f', '0a9ff560-7577-401f-be25-b08ff1375f93', 'c665853c-a0d7-4399-a190-c36f61da163b', 1, '2026-04-09T10:10:31.087524+00:00');
INSERT INTO public.sprint_use_case_assignments (id, sprint_use_case_id, profile_id, estimated_days, created_at) VALUES ('6f10131b-8c58-4543-92a7-3d8af571ae4e', 'c459b5bc-0e41-4ba4-b398-d8385513ef0f', 'c665853c-a0d7-4399-a190-c36f61da163b', 5, '2026-04-09T10:43:16.315741+00:00');
INSERT INTO public.sprint_use_case_assignments (id, sprint_use_case_id, profile_id, estimated_days, created_at) VALUES ('fa8b7981-b9b3-47ac-86f0-e4ac6d19bd2f', 'c459b5bc-0e41-4ba4-b398-d8385513ef0f', '91196727-63f0-4743-8c10-5ec438cfeacb', 2, '2026-04-09T10:43:16.316011+00:00');
INSERT INTO public.sprint_use_case_assignments (id, sprint_use_case_id, profile_id, estimated_days, created_at) VALUES ('c6e67567-6c6f-41ff-85d0-07a9aff8d1b3', '4a9e0597-47b9-4fd9-b436-5c4f540cd2f4', 'a7dbac9f-2825-48d9-82ae-9ef33a334d60', 2, '2026-04-09T13:42:53.680205+00:00');
INSERT INTO public.sprint_use_case_assignments (id, sprint_use_case_id, profile_id, estimated_days, created_at) VALUES ('8c37f770-e851-4d09-ae9a-511cfe02f32b', '4a9e0597-47b9-4fd9-b436-5c4f540cd2f4', 'c665853c-a0d7-4399-a190-c36f61da163b', 1.5, '2026-04-09T13:42:53.669786+00:00');
INSERT INTO public.sprint_use_case_assignments (id, sprint_use_case_id, profile_id, estimated_days, created_at) VALUES ('19d1f4d0-87c3-4a0f-b801-8637fd940de9', '4a9e0597-47b9-4fd9-b436-5c4f540cd2f4', '98797775-a26a-4969-8e78-7c56b132ac10', 1.5, '2026-04-09T13:42:53.682255+00:00');
INSERT INTO public.sprint_use_case_assignments (id, sprint_use_case_id, profile_id, estimated_days, created_at) VALUES ('5a2da182-6727-4aa7-ba75-5d453f54cffa', '3d932f66-d6b9-4030-853b-d4c737121bd6', 'a7dbac9f-2825-48d9-82ae-9ef33a334d60', NULL, '2026-04-09T13:55:39.050196+00:00');
INSERT INTO public.sprint_use_case_assignments (id, sprint_use_case_id, profile_id, estimated_days, created_at) VALUES ('c670f402-4efc-453e-a106-39eb446c1d60', '34bbc7a0-eaa6-4401-87dd-504d30b94c04', 'a7dbac9f-2825-48d9-82ae-9ef33a334d60', NULL, '2026-04-09T13:55:39.058726+00:00');
INSERT INTO public.sprint_use_case_assignments (id, sprint_use_case_id, profile_id, estimated_days, created_at) VALUES ('ce951cd0-a1dd-435b-bd41-907a381a4753', '34bbc7a0-eaa6-4401-87dd-504d30b94c04', 'c665853c-a0d7-4399-a190-c36f61da163b', NULL, '2026-04-09T13:55:39.057395+00:00');
INSERT INTO public.sprint_use_case_assignments (id, sprint_use_case_id, profile_id, estimated_days, created_at) VALUES ('e0ffc94a-2f2c-415f-83b8-12fa09001bfe', '7834b212-3e01-413e-8be3-b58511cad813', '3647714d-0854-4732-a1e0-9c4e19ceeee3', NULL, '2026-04-09T14:44:03.773069+00:00');
INSERT INTO public.sprint_use_case_assignments (id, sprint_use_case_id, profile_id, estimated_days, created_at) VALUES ('866688d5-e2b4-4b52-b298-260829905a3b', '7834b212-3e01-413e-8be3-b58511cad813', '3e9b54f8-c633-4077-b8a5-73f33b0929ea', NULL, '2026-04-09T14:44:03.758768+00:00');
INSERT INTO public.sprint_use_case_assignments (id, sprint_use_case_id, profile_id, estimated_days, created_at) VALUES ('00cda52b-506e-4c63-ae4f-8fe7ca4c91df', '7834b212-3e01-413e-8be3-b58511cad813', '91196727-63f0-4743-8c10-5ec438cfeacb', NULL, '2026-04-09T14:44:03.863951+00:00');
INSERT INTO public.sprint_use_case_assignments (id, sprint_use_case_id, profile_id, estimated_days, created_at) VALUES ('4a5674e9-7c14-458d-b385-24a2dc65a59d', '7b1895a9-b7b3-4ec3-b746-0e80987f964f', '5985d081-cd8e-4bc2-b6d9-e41ebc247308', 3, '2026-04-09T13:55:39.05734+00:00');
INSERT INTO public.sprint_use_case_assignments (id, sprint_use_case_id, profile_id, estimated_days, created_at) VALUES ('48829910-07ef-4f91-b237-284aa1d54ed7', '7b1895a9-b7b3-4ec3-b746-0e80987f964f', '91196727-63f0-4743-8c10-5ec438cfeacb', 1, '2026-04-09T13:55:39.05041+00:00');
INSERT INTO public.sprint_use_case_assignments (id, sprint_use_case_id, profile_id, estimated_days, created_at) VALUES ('4f36068c-e76d-4356-9e71-3496bfe5bd21', '7b1895a9-b7b3-4ec3-b746-0e80987f964f', 'c665853c-a0d7-4399-a190-c36f61da163b', 1, '2026-04-09T13:55:39.058983+00:00');
INSERT INTO public.sprint_use_case_assignments (id, sprint_use_case_id, profile_id, estimated_days, created_at) VALUES ('162bc5b9-e580-4482-b8a3-26ff572f914b', '7b1895a9-b7b3-4ec3-b746-0e80987f964f', '328df29c-b536-4528-a6cf-18d3222da727', 1, '2026-04-09T13:55:39.0575+00:00');
INSERT INTO public.sprint_use_case_assignments (id, sprint_use_case_id, profile_id, estimated_days, created_at) VALUES ('3ff3154f-9715-485d-a63f-664cffe2b374', '4b15bfdf-4126-4156-8734-c262a8d18116', 'c665853c-a0d7-4399-a190-c36f61da163b', 0.5, '2026-04-15T07:58:14.962781+00:00');
INSERT INTO public.sprint_use_case_assignments (id, sprint_use_case_id, profile_id, estimated_days, created_at) VALUES ('560eb061-571d-40d7-b36e-895bd59ba629', '9d7f228c-debe-4590-8cbe-bf0835807193', '5985d081-cd8e-4bc2-b6d9-e41ebc247308', 3, '2026-04-15T07:58:14.972275+00:00');
INSERT INTO public.sprint_use_case_assignments (id, sprint_use_case_id, profile_id, estimated_days, created_at) VALUES ('69ac8dfb-2aa1-4c15-8553-8bfd8d43220f', '9d7f228c-debe-4590-8cbe-bf0835807193', '91196727-63f0-4743-8c10-5ec438cfeacb', 1, '2026-04-15T07:58:14.976389+00:00');
INSERT INTO public.sprint_use_case_assignments (id, sprint_use_case_id, profile_id, estimated_days, created_at) VALUES ('660ca4f0-ed8d-43c3-8d2e-eb87f00888ff', '4b15bfdf-4126-4156-8734-c262a8d18116', 'a7dbac9f-2825-48d9-82ae-9ef33a334d60', 0.5, '2026-04-15T07:58:14.97807+00:00');
INSERT INTO public.sprint_use_case_assignments (id, sprint_use_case_id, profile_id, estimated_days, created_at) VALUES ('a1a7fcef-0dd4-47de-a15a-b51d38caf1b5', '9d7f228c-debe-4590-8cbe-bf0835807193', 'c665853c-a0d7-4399-a190-c36f61da163b', 1, '2026-04-15T07:58:14.983701+00:00');
INSERT INTO public.sprint_use_case_assignments (id, sprint_use_case_id, profile_id, estimated_days, created_at) VALUES ('93d46984-04f5-42cc-b4c1-431aca7ed2e7', '943ddc83-6807-4beb-9cdd-c9c91b8ec6a1', 'a7dbac9f-2825-48d9-82ae-9ef33a334d60', 0.5, '2026-04-15T07:58:14.987382+00:00');
INSERT INTO public.sprint_use_case_assignments (id, sprint_use_case_id, profile_id, estimated_days, created_at) VALUES ('9c7f2d1f-0fdd-44c6-9970-a95b2541bb0d', 'af6b7638-8e85-4b95-a2e6-dac955e7a8c5', '98797775-a26a-4969-8e78-7c56b132ac10', 1, '2026-04-15T07:59:23.869644+00:00');
INSERT INTO public.sprint_use_case_assignments (id, sprint_use_case_id, profile_id, estimated_days, created_at) VALUES ('02e4d465-085e-4181-b419-b921fd138433', '488de509-6492-48ea-87ad-6336c1e623ac', 'a7dbac9f-2825-48d9-82ae-9ef33a334d60', 1, '2026-04-15T07:34:42.639794+00:00');
INSERT INTO public.sprint_use_case_assignments (id, sprint_use_case_id, profile_id, estimated_days, created_at) VALUES ('4cac0810-df23-44c5-bc08-73f83439d5f3', 'af6b7638-8e85-4b95-a2e6-dac955e7a8c5', 'c665853c-a0d7-4399-a190-c36f61da163b', 1, '2026-04-15T07:59:23.872871+00:00');
INSERT INTO public.sprint_use_case_assignments (id, sprint_use_case_id, profile_id, estimated_days, created_at) VALUES ('97490bff-3e01-4ab0-b094-e7bcde0f6cfb', '488de509-6492-48ea-87ad-6336c1e623ac', '3647714d-0854-4732-a1e0-9c4e19ceeee3', 1, '2026-04-15T07:34:42.639215+00:00');
INSERT INTO public.sprint_use_case_assignments (id, sprint_use_case_id, profile_id, estimated_days, created_at) VALUES ('dccdc7ab-c01e-4bb9-9032-28138c6f1f1a', 'd9f4a572-2909-417d-8a93-78add67200a9', '3e9b54f8-c633-4077-b8a5-73f33b0929ea', 0.5, '2026-04-09T14:52:57.503642+00:00');
INSERT INTO public.sprint_use_case_assignments (id, sprint_use_case_id, profile_id, estimated_days, created_at) VALUES ('bf7b225d-6fc8-40a6-8812-e60f7b584770', '58f1c5c2-2efc-4882-b598-186e788f714a', '328df29c-b536-4528-a6cf-18d3222da727', 2, '2026-04-09T09:24:08.177568+00:00');
INSERT INTO public.sprint_use_case_assignments (id, sprint_use_case_id, profile_id, estimated_days, created_at) VALUES ('ff40e16d-6590-4edf-9aa7-c1a3bedb31df', '24147257-3710-4e97-ab5f-498e03d6a002', '91196727-63f0-4743-8c10-5ec438cfeacb', 1, '2026-04-09T14:52:57.500969+00:00');
INSERT INTO public.sprint_use_case_assignments (id, sprint_use_case_id, profile_id, estimated_days, created_at) VALUES ('879c1209-ee2a-4f9b-b655-d953bc3f8398', '423fcf7c-2725-43a8-b75c-fc76d873610e', 'a7dbac9f-2825-48d9-82ae-9ef33a334d60', 2, '2026-04-09T09:24:08.177568+00:00');
INSERT INTO public.sprint_use_case_assignments (id, sprint_use_case_id, profile_id, estimated_days, created_at) VALUES ('59c03bc8-4676-40fd-9cbf-7a46c975e2dd', 'fb57d92e-6113-4094-8b15-bc46eec412db', '1bdf31e0-c366-48f5-8ae1-1872f2c432ab', 2, '2026-04-13T08:55:16.938478+00:00');
INSERT INTO public.sprint_use_case_assignments (id, sprint_use_case_id, profile_id, estimated_days, created_at) VALUES ('9c2764d9-64f1-4649-9e92-06dce67e269f', 'aacaa78e-0dc8-487e-8c86-e5fc930ee8ed', '3e9b54f8-c633-4077-b8a5-73f33b0929ea', 2, '2026-04-13T08:55:16.892572+00:00');
INSERT INTO public.sprint_use_case_assignments (id, sprint_use_case_id, profile_id, estimated_days, created_at) VALUES ('20922e3a-6573-4897-b05b-a68201f1b11a', '194f60fc-bead-40c2-b62b-adcd0a264472', '91196727-63f0-4743-8c10-5ec438cfeacb', 2, '2026-04-13T08:55:16.892576+00:00');
INSERT INTO public.sprint_use_case_assignments (id, sprint_use_case_id, profile_id, estimated_days, created_at) VALUES ('538d911c-9383-4677-a66a-7d10f72882ff', '96ad17b4-9851-4013-a323-cef47de9809e', '3616a0ba-f5dd-4260-8af1-2a562ecca53d', 2, '2026-04-09T09:24:08.177568+00:00');
INSERT INTO public.sprint_use_case_assignments (id, sprint_use_case_id, profile_id, estimated_days, created_at) VALUES ('5cfda7c0-f56a-42f4-a72a-921fa5cb20d2', '7a82c8fc-df09-46b4-aecb-e5e596cfe62c', 'c665853c-a0d7-4399-a190-c36f61da163b', 2, '2026-04-09T09:24:08.177568+00:00');
INSERT INTO public.sprint_use_case_assignments (id, sprint_use_case_id, profile_id, estimated_days, created_at) VALUES ('847398b8-32a7-44da-a320-056263e31c48', '29dc4b67-a3a0-4078-ac1d-dc9eb110fcf7', '328df29c-b536-4528-a6cf-18d3222da727', 2, '2026-04-15T13:19:16.832814+00:00');
INSERT INTO public.sprint_use_case_assignments (id, sprint_use_case_id, profile_id, estimated_days, created_at) VALUES ('1ffbd73e-69c4-4fb3-82cc-6e65f718847e', 'd9f4a572-2909-417d-8a93-78add67200a9', '91196727-63f0-4743-8c10-5ec438cfeacb', 0.5, '2026-04-09T14:52:57.50373+00:00');
INSERT INTO public.sprint_use_case_assignments (id, sprint_use_case_id, profile_id, estimated_days, created_at) VALUES ('c14787a7-d33a-4e1a-800c-0b73f64a8fed', '213a972f-d23a-4dbb-ba15-e293773fc2d0', '91196727-63f0-4743-8c10-5ec438cfeacb', 2, '2026-04-09T14:52:57.503495+00:00');
INSERT INTO public.sprint_use_case_assignments (id, sprint_use_case_id, profile_id, estimated_days, created_at) VALUES ('0de9cb05-312e-498a-86e5-083018ddc8b4', 'd9f4a572-2909-417d-8a93-78add67200a9', '5985d081-cd8e-4bc2-b6d9-e41ebc247308', 0.5, '2026-04-09T14:52:57.500244+00:00');
INSERT INTO public.sprint_use_case_assignments (id, sprint_use_case_id, profile_id, estimated_days, created_at) VALUES ('d11d8456-5f79-4d2b-8e96-c6a0e57802bc', '24147257-3710-4e97-ab5f-498e03d6a002', '3268911e-16d5-4163-8a8b-630fcd84c426', 1, '2026-04-09T14:52:57.503185+00:00');
INSERT INTO public.sprint_use_case_assignments (id, sprint_use_case_id, profile_id, estimated_days, created_at) VALUES ('6d4af2ef-ead5-4e2c-a552-467ce4acbf23', '85b9a09f-8eb6-4c54-8f3f-8667344748fa', 'a7dbac9f-2825-48d9-82ae-9ef33a334d60', 0.5, '2026-04-09T14:50:12.648503+00:00');
INSERT INTO public.sprint_use_case_assignments (id, sprint_use_case_id, profile_id, estimated_days, created_at) VALUES ('b3f340a2-df57-4c7a-82b1-6f55849edfb5', 'ec204afe-b31f-454b-8b76-35c343a50ebd', '3616a0ba-f5dd-4260-8af1-2a562ecca53d', 1, '2026-04-09T14:50:12.642519+00:00');
INSERT INTO public.sprint_use_case_assignments (id, sprint_use_case_id, profile_id, estimated_days, created_at) VALUES ('58a642ef-fb17-48b6-9b02-c080cc793070', 'ec204afe-b31f-454b-8b76-35c343a50ebd', '98797775-a26a-4969-8e78-7c56b132ac10', 1, '2026-04-09T14:50:12.68826+00:00');
INSERT INTO public.sprint_use_case_assignments (id, sprint_use_case_id, profile_id, estimated_days, created_at) VALUES ('0f75c6e2-b2e9-4507-b089-27be6302ef9a', '6a51781c-8e20-447a-8260-4f4f14da6df6', 'b43ff625-e0d6-4e47-9c61-46299e684897', 1, '2026-04-09T14:50:12.688439+00:00');
INSERT INTO public.sprint_use_case_assignments (id, sprint_use_case_id, profile_id, estimated_days, created_at) VALUES ('6270cb8f-51b0-4718-b7c0-36ff886bdf33', 'b8d24713-0a93-484d-87bd-10a59a73ee33', '91196727-63f0-4743-8c10-5ec438cfeacb', 2, '2026-04-09T14:50:12.631169+00:00');
INSERT INTO public.sprint_use_case_assignments (id, sprint_use_case_id, profile_id, estimated_days, created_at) VALUES ('d3e3ef18-5325-426a-a835-03187021b69e', '85b9a09f-8eb6-4c54-8f3f-8667344748fa', '91196727-63f0-4743-8c10-5ec438cfeacb', 1, '2026-04-09T14:50:12.688284+00:00');
INSERT INTO public.sprint_use_case_assignments (id, sprint_use_case_id, profile_id, estimated_days, created_at) VALUES ('e9ba3056-8aea-47af-a5ba-9b22376cbc29', '85b9a09f-8eb6-4c54-8f3f-8667344748fa', '5985d081-cd8e-4bc2-b6d9-e41ebc247308', 0.5, '2026-04-09T14:50:12.686642+00:00');
INSERT INTO public.sprint_use_case_assignments (id, sprint_use_case_id, profile_id, estimated_days, created_at) VALUES ('5da3404b-63ce-47a3-adbc-0b2b3166b22a', '6a51781c-8e20-447a-8260-4f4f14da6df6', '98797775-a26a-4969-8e78-7c56b132ac10', 1, '2026-04-09T14:50:12.649674+00:00');
INSERT INTO public.sprint_use_case_assignments (id, sprint_use_case_id, profile_id, estimated_days, created_at) VALUES ('a6efc9c1-0d72-4e39-9ed8-e50b2c8f0871', 'b289ff84-2430-42e7-95ba-537e5ff668bf', '3647714d-0854-4732-a1e0-9c4e19ceeee3', 0.5, '2026-04-09T14:46:56.952879+00:00');
INSERT INTO public.sprint_use_case_assignments (id, sprint_use_case_id, profile_id, estimated_days, created_at) VALUES ('1817a1bd-465c-42e4-a975-2d7f27841f32', '856df328-a59a-465e-a202-0f880c8423fa', 'a7dbac9f-2825-48d9-82ae-9ef33a334d60', 0.5, '2026-04-09T14:46:56.944415+00:00');
INSERT INTO public.sprint_use_case_assignments (id, sprint_use_case_id, profile_id, estimated_days, created_at) VALUES ('06e3c775-fca7-49cd-bde1-fce7768acfd7', 'b289ff84-2430-42e7-95ba-537e5ff668bf', '91196727-63f0-4743-8c10-5ec438cfeacb', 0.5, '2026-04-09T14:46:56.956852+00:00');
INSERT INTO public.sprint_use_case_assignments (id, sprint_use_case_id, profile_id, estimated_days, created_at) VALUES ('bfade155-eeef-4537-8751-693e46360de2', 'b289ff84-2430-42e7-95ba-537e5ff668bf', '3e9b54f8-c633-4077-b8a5-73f33b0929ea', 1, '2026-04-09T14:46:56.93861+00:00');
INSERT INTO public.sprint_use_case_assignments (id, sprint_use_case_id, profile_id, estimated_days, created_at) VALUES ('bb261edd-fce6-42c7-89c7-fc35b9e011c6', 'b9263639-f355-44b6-8fcf-23840bff9bf6', '328df29c-b536-4528-a6cf-18d3222da727', 1, '2026-04-09T14:46:56.949179+00:00');
INSERT INTO public.sprint_use_case_assignments (id, sprint_use_case_id, profile_id, estimated_days, created_at) VALUES ('79461bd8-65e3-4aed-b401-549fe28bb491', 'b9263639-f355-44b6-8fcf-23840bff9bf6', '3647714d-0854-4732-a1e0-9c4e19ceeee3', 1, '2026-04-09T14:46:56.946009+00:00');
INSERT INTO public.sprint_use_case_assignments (id, sprint_use_case_id, profile_id, estimated_days, created_at) VALUES ('8f3d8f2b-c264-4012-841a-df111bb6d6a6', '856df328-a59a-465e-a202-0f880c8423fa', '3616a0ba-f5dd-4260-8af1-2a562ecca53d', 1, '2026-04-09T14:46:56.932819+00:00');
INSERT INTO public.sprint_use_case_assignments (id, sprint_use_case_id, profile_id, estimated_days, created_at) VALUES ('008ca762-061b-454d-81d2-8bed808743b4', '85ed6b0f-e6e1-4c35-944f-a68261c7e7cc', '3e9b54f8-c633-4077-b8a5-73f33b0929ea', 1, '2026-04-09T14:44:03.787275+00:00');
INSERT INTO public.sprint_use_case_assignments (id, sprint_use_case_id, profile_id, estimated_days, created_at) VALUES ('04b6ebfa-c00b-40ab-bb17-af7dfd5f1661', '55450a04-2a91-4daf-bbe7-e80816f33cdb', '91196727-63f0-4743-8c10-5ec438cfeacb', 0.25, '2026-04-09T14:44:03.750589+00:00');
INSERT INTO public.sprint_use_case_assignments (id, sprint_use_case_id, profile_id, estimated_days, created_at) VALUES ('fd166d96-9dea-475a-bc19-832c21ab15f8', '85ed6b0f-e6e1-4c35-944f-a68261c7e7cc', '91196727-63f0-4743-8c10-5ec438cfeacb', 1, '2026-04-09T14:44:03.758427+00:00');
INSERT INTO public.sprint_use_case_assignments (id, sprint_use_case_id, profile_id, estimated_days, created_at) VALUES ('e566f111-a53b-47e8-86af-ac79efd4a5df', '55450a04-2a91-4daf-bbe7-e80816f33cdb', '3616a0ba-f5dd-4260-8af1-2a562ecca53d', 0.5, '2026-04-09T14:44:03.758502+00:00');
INSERT INTO public.sprint_use_case_assignments (id, sprint_use_case_id, profile_id, estimated_days, created_at) VALUES ('18e527d9-a638-4749-b5ba-bfb979f7913a', '7488139b-11e6-49dc-ae97-afeb1e15c0c9', '91196727-63f0-4743-8c10-5ec438cfeacb', 1, '2026-04-09T14:44:03.758177+00:00');
INSERT INTO public.sprint_use_case_assignments (id, sprint_use_case_id, profile_id, estimated_days, created_at) VALUES ('a19df8f8-a128-453d-9474-9ad5be1c2283', '3b614cc0-2439-435d-a120-1f67ae77d339', 'a01b2d8f-e16f-4022-8372-7c85d8eea9b7', 0, '2026-04-09T14:44:03.752885+00:00');
INSERT INTO public.sprint_use_case_assignments (id, sprint_use_case_id, profile_id, estimated_days, created_at) VALUES ('c70f581b-cc41-4274-8cb2-8e7b5892e68f', '55450a04-2a91-4daf-bbe7-e80816f33cdb', 'c665853c-a0d7-4399-a190-c36f61da163b', 1, '2026-04-09T14:44:03.860054+00:00');
INSERT INTO public.sprint_use_case_assignments (id, sprint_use_case_id, profile_id, estimated_days, created_at) VALUES ('560f510f-629b-477b-9d5c-d049d2e448a1', 'b2a15d63-6276-4975-9bf1-d99ac33fc1ab', '91196727-63f0-4743-8c10-5ec438cfeacb', 1, '2026-04-09T14:44:03.778483+00:00');
INSERT INTO public.sprint_use_case_assignments (id, sprint_use_case_id, profile_id, estimated_days, created_at) VALUES ('dcdb1501-9c90-4b78-b028-35d56694115f', '55450a04-2a91-4daf-bbe7-e80816f33cdb', '886732c3-3bc7-4c3e-a17c-aa455544334c', 0.25, '2026-04-09T14:44:03.753022+00:00');
INSERT INTO public.sprint_use_case_assignments (id, sprint_use_case_id, profile_id, estimated_days, created_at) VALUES ('493525ee-742a-405a-af71-2c8103bc70e0', '3b614cc0-2439-435d-a120-1f67ae77d339', '91196727-63f0-4743-8c10-5ec438cfeacb', 1, '2026-04-09T14:44:03.86356+00:00');
INSERT INTO public.sprint_use_case_assignments (id, sprint_use_case_id, profile_id, estimated_days, created_at) VALUES ('7af843f6-541b-40f0-b36f-19dacd23e193', '2b0949f2-42fb-409f-8197-0186c6b8cd88', 'c665853c-a0d7-4399-a190-c36f61da163b', 0.5, '2026-04-09T14:40:20.722218+00:00');
INSERT INTO public.sprint_use_case_assignments (id, sprint_use_case_id, profile_id, estimated_days, created_at) VALUES ('cd9136d2-0916-4d82-be8a-058db6ec4544', '2b0949f2-42fb-409f-8197-0186c6b8cd88', '3616a0ba-f5dd-4260-8af1-2a562ecca53d', 0.5, '2026-04-09T14:40:20.772604+00:00');
INSERT INTO public.sprint_use_case_assignments (id, sprint_use_case_id, profile_id, estimated_days, created_at) VALUES ('9b44fcb9-8626-441b-8af8-765956a3fbea', 'cc251e86-73f8-4056-8a80-df934a390c1b', 'a7dbac9f-2825-48d9-82ae-9ef33a334d60', 0.5, '2026-04-09T14:38:09.090465+00:00');
INSERT INTO public.sprint_use_case_assignments (id, sprint_use_case_id, profile_id, estimated_days, created_at) VALUES ('90ea934d-f84e-491d-8504-a91c2776bd4f', '56e9696b-3438-4867-b753-12a7ab62fc98', '91196727-63f0-4743-8c10-5ec438cfeacb', 0.5, '2026-04-09T14:38:09.090767+00:00');
INSERT INTO public.sprint_use_case_assignments (id, sprint_use_case_id, profile_id, estimated_days, created_at) VALUES ('3eef0a5e-20f8-4bc6-8761-9f3a99a9b916', '8e82f48a-9374-4638-8e52-2b9931da1018', '98797775-a26a-4969-8e78-7c56b132ac10', 2, '2026-04-09T14:38:09.093362+00:00');
INSERT INTO public.sprint_use_case_assignments (id, sprint_use_case_id, profile_id, estimated_days, created_at) VALUES ('e4a86313-a9e6-4279-98ee-49309c463409', '907ef9fb-62b9-4dde-8937-9e77fe5ca51b', '3647714d-0854-4732-a1e0-9c4e19ceeee3', 1, '2026-04-09T14:01:11.534881+00:00');
INSERT INTO public.sprint_use_case_assignments (id, sprint_use_case_id, profile_id, estimated_days, created_at) VALUES ('523d0510-6ab3-4136-b6c5-dfd96dcae6a6', 'bb2d06f9-c212-4136-bdf5-84bc80f3ea19', '98797775-a26a-4969-8e78-7c56b132ac10', 2, '2026-04-09T14:01:11.542206+00:00');
INSERT INTO public.sprint_use_case_assignments (id, sprint_use_case_id, profile_id, estimated_days, created_at) VALUES ('a9dfd928-8714-4cde-9c5c-a20d7c0951d1', 'ebaca125-a237-4694-9db1-3cb545477ac2', '91196727-63f0-4743-8c10-5ec438cfeacb', 4, '2026-04-09T14:01:11.534352+00:00');
INSERT INTO public.sprint_use_case_assignments (id, sprint_use_case_id, profile_id, estimated_days, created_at) VALUES ('179a51f3-8578-44e1-b917-9680247e9f8f', '0ced52aa-bfd9-43af-8225-9c7452ca3a73', '3268911e-16d5-4163-8a8b-630fcd84c426', 1, '2026-04-09T14:01:11.544421+00:00');
INSERT INTO public.sprint_use_case_assignments (id, sprint_use_case_id, profile_id, estimated_days, created_at) VALUES ('83a9200e-70ad-4b77-b189-7a69f72e4fbb', '907ef9fb-62b9-4dde-8937-9e77fe5ca51b', '91196727-63f0-4743-8c10-5ec438cfeacb', 1, '2026-04-09T14:01:11.541606+00:00');
INSERT INTO public.sprint_use_case_assignments (id, sprint_use_case_id, profile_id, estimated_days, created_at) VALUES ('64eb60c6-b197-45c8-954f-5ee8ae496ab2', '0ced52aa-bfd9-43af-8225-9c7452ca3a73', '91196727-63f0-4743-8c10-5ec438cfeacb', 1, '2026-04-09T14:01:11.561842+00:00');
INSERT INTO public.sprint_use_case_assignments (id, sprint_use_case_id, profile_id, estimated_days, created_at) VALUES ('21e443b3-5cfb-4e56-a188-60dffbffa513', '5f89864d-92cb-47a4-a0a4-9ea112fcd327', 'c665853c-a0d7-4399-a190-c36f61da163b', 2, '2026-04-09T13:55:39.058293+00:00');
INSERT INTO public.sprint_use_case_assignments (id, sprint_use_case_id, profile_id, estimated_days, created_at) VALUES ('df9bfc66-2f3a-4d2d-8c7d-02845acaa7c0', '2b0949f2-42fb-409f-8197-0186c6b8cd88', '886732c3-3bc7-4c3e-a17c-aa455544334c', 0.5, '2026-04-09T14:40:20.757886+00:00');
INSERT INTO public.sprint_use_case_assignments (id, sprint_use_case_id, profile_id, estimated_days, created_at) VALUES ('f025ed42-1f3e-4482-acf7-8c43cb130141', '2b0949f2-42fb-409f-8197-0186c6b8cd88', '91196727-63f0-4743-8c10-5ec438cfeacb', 0.5, '2026-04-09T14:40:20.774336+00:00');

-- ------------------------------------------------------------
-- Table: profiles
-- ------------------------------------------------------------

CREATE TABLE IF NOT EXISTS public.profiles (
  id uuid NOT NULL,
  full_name text NOT NULL,
  email text NOT NULL,
  role text NOT NULL,
  avatar_url text,
  department text,
  created_at timestamptz NOT NULL,
  is_placeholder boolean NOT NULL,
  tjm integer
);

INSERT INTO public.profiles (id, full_name, email, role, avatar_url, department, created_at, is_placeholder, tjm) VALUES ('4f2b3c08-43db-43a4-8199-316dc3fec14a', 'Clement Guichard', 'clement.guichard@digilityx.com', 'member', NULL, NULL, '2026-02-27T08:21:34.951313+00:00', FALSE, NULL);
INSERT INTO public.profiles (id, full_name, email, role, avatar_url, department, created_at, is_placeholder, tjm) VALUES ('a7dbac9f-2825-48d9-82ae-9ef33a334d60', 'Enzo Lopez', 'placeholder+enzo-lopez@project-hub.local', 'member', NULL, NULL, '2026-03-03T15:37:30.813475+00:00', TRUE, NULL);
INSERT INTO public.profiles (id, full_name, email, role, avatar_url, department, created_at, is_placeholder, tjm) VALUES ('91196727-63f0-4743-8c10-5ec438cfeacb', 'Yanis Sif', 'placeholder+yanis-sif@project-hub.local', 'member', NULL, NULL, '2026-03-03T15:37:31.020277+00:00', TRUE, NULL);
INSERT INTO public.profiles (id, full_name, email, role, avatar_url, department, created_at, is_placeholder, tjm) VALUES ('5985d081-cd8e-4bc2-b6d9-e41ebc247308', 'Julie Lecomte', 'placeholder+julie-lecomte@project-hub.local', 'member', NULL, NULL, '2026-03-03T15:37:31.241686+00:00', TRUE, NULL);
INSERT INTO public.profiles (id, full_name, email, role, avatar_url, department, created_at, is_placeholder, tjm) VALUES ('d14523e8-fcf8-4a9a-8558-b22d3654d634', 'Marine Chouard', 'placeholder+marine-chouard@project-hub.local', 'member', NULL, NULL, '2026-03-03T15:37:31.406773+00:00', TRUE, NULL);
INSERT INTO public.profiles (id, full_name, email, role, avatar_url, department, created_at, is_placeholder, tjm) VALUES ('3e9b54f8-c633-4077-b8a5-73f33b0929ea', 'Marie Jard', 'placeholder+marie-jard@project-hub.local', 'member', NULL, NULL, '2026-03-03T15:37:31.586719+00:00', TRUE, NULL);
INSERT INTO public.profiles (id, full_name, email, role, avatar_url, department, created_at, is_placeholder, tjm) VALUES ('b476217c-2ef8-49a9-8ec6-a3e30eef4840', 'Baptiste Malherbe', 'placeholder+baptiste-malherbe@project-hub.local', 'member', NULL, NULL, '2026-03-03T15:37:31.944885+00:00', TRUE, NULL);
INSERT INTO public.profiles (id, full_name, email, role, avatar_url, department, created_at, is_placeholder, tjm) VALUES ('3616a0ba-f5dd-4260-8af1-2a562ecca53d', 'Leslie Thongrith', 'placeholder+leslie-thongrith@project-hub.local', 'member', NULL, NULL, '2026-03-03T15:37:32.100916+00:00', TRUE, NULL);
INSERT INTO public.profiles (id, full_name, email, role, avatar_url, department, created_at, is_placeholder, tjm) VALUES ('c665853c-a0d7-4399-a190-c36f61da163b', 'Maxime Plasse', 'placeholder+maxime-plasse@project-hub.local', 'member', NULL, NULL, '2026-03-03T15:37:32.273912+00:00', TRUE, NULL);
INSERT INTO public.profiles (id, full_name, email, role, avatar_url, department, created_at, is_placeholder, tjm) VALUES ('328df29c-b536-4528-a6cf-18d3222da727', 'Cyrielle Foures', 'placeholder+cyrielle-foures@project-hub.local', 'member', NULL, NULL, '2026-03-03T15:37:32.999154+00:00', TRUE, NULL);
INSERT INTO public.profiles (id, full_name, email, role, avatar_url, department, created_at, is_placeholder, tjm) VALUES ('0c46199a-538a-40b8-a646-9d3278a01f8b', 'Julien Bechkri', 'placeholder+julien-bechkri@project-hub.local', 'member', NULL, NULL, '2026-03-03T15:37:33.174212+00:00', TRUE, NULL);
INSERT INTO public.profiles (id, full_name, email, role, avatar_url, department, created_at, is_placeholder, tjm) VALUES ('3268911e-16d5-4163-8a8b-630fcd84c426', 'Alexandre Auger', 'placeholder+alexandre-auger@project-hub.local', 'member', NULL, NULL, '2026-03-03T15:37:33.544973+00:00', TRUE, NULL);
INSERT INTO public.profiles (id, full_name, email, role, avatar_url, department, created_at, is_placeholder, tjm) VALUES ('98797775-a26a-4969-8e78-7c56b132ac10', 'Alexandre Koch', 'placeholder+alexandre-koch@project-hub.local', 'member', NULL, NULL, '2026-03-03T15:37:33.943419+00:00', TRUE, NULL);
INSERT INTO public.profiles (id, full_name, email, role, avatar_url, department, created_at, is_placeholder, tjm) VALUES ('b43ff625-e0d6-4e47-9c61-46299e684897', 'Catalina Pastas', 'placeholder+catalina-pastas@project-hub.local', 'member', NULL, NULL, '2026-03-03T15:37:34.132577+00:00', TRUE, NULL);
INSERT INTO public.profiles (id, full_name, email, role, avatar_url, department, created_at, is_placeholder, tjm) VALUES ('3647714d-0854-4732-a1e0-9c4e19ceeee3', 'Emmanuel Utard', 'placeholder+emmanuel-utard@project-hub.local', 'member', NULL, NULL, '2026-03-03T15:37:34.299496+00:00', TRUE, NULL);
INSERT INTO public.profiles (id, full_name, email, role, avatar_url, department, created_at, is_placeholder, tjm) VALUES ('a01b2d8f-e16f-4022-8372-7c85d8eea9b7', 'Maxime Jouffrault', 'placeholder+maxime-jouffrault@project-hub.local', 'member', NULL, NULL, '2026-03-03T15:37:34.470836+00:00', TRUE, NULL);
INSERT INTO public.profiles (id, full_name, email, role, avatar_url, department, created_at, is_placeholder, tjm) VALUES ('9ac65cf8-129f-4677-85f5-e65973fd689c', 'Import Bot', 'placeholder+import-bot@project-hub.local', 'member', NULL, NULL, '2026-03-03T15:37:34.66276+00:00', TRUE, NULL);
INSERT INTO public.profiles (id, full_name, email, role, avatar_url, department, created_at, is_placeholder, tjm) VALUES ('2a4905b9-019f-4356-825b-003f6285d691', 'François Coulon', 'placeholder+frana-ois-coulon@project-hub.local', 'member', NULL, NULL, '2026-03-03T15:37:31.770659+00:00', TRUE, NULL);
INSERT INTO public.profiles (id, full_name, email, role, avatar_url, department, created_at, is_placeholder, tjm) VALUES ('886732c3-3bc7-4c3e-a17c-aa455544334c', 'Clément Guichard', 'placeholder+cla-ment-guichard@project-hub.local', 'member', NULL, NULL, '2026-03-03T15:37:32.512064+00:00', TRUE, NULL);
INSERT INTO public.profiles (id, full_name, email, role, avatar_url, department, created_at, is_placeholder, tjm) VALUES ('c4c4297f-8893-4de6-b8ba-bc1b2b1194d6', 'Clément Maria', 'placeholder+cla-ment-maria@project-hub.local', 'member', NULL, NULL, '2026-03-03T15:37:33.365449+00:00', TRUE, NULL);
INSERT INTO public.profiles (id, full_name, email, role, avatar_url, department, created_at, is_placeholder, tjm) VALUES ('1bdf31e0-c366-48f5-8ae1-1872f2c432ab', 'Chloé Briend', 'placeholder+chloa-briend@project-hub.local', 'member', NULL, NULL, '2026-03-03T15:37:33.730153+00:00', TRUE, NULL);

-- ------------------------------------------------------------
-- Table: use_case_metrics
-- ------------------------------------------------------------

CREATE TABLE IF NOT EXISTS public.use_case_metrics (
  id uuid NOT NULL,
  use_case_id uuid,
  margin_generated integer,
  man_days_estimated integer,
  man_days_actual integer,
  man_days_saved integer,
  mrr integer,
  additional_business integer,
  notes text,
  updated_at timestamptz NOT NULL
);

INSERT INTO public.use_case_metrics (id, use_case_id, margin_generated, man_days_estimated, man_days_actual, man_days_saved, mrr, additional_business, notes, updated_at) VALUES ('024553f8-36c3-462e-b56c-605cb8b0d372', 'd700f53c-f4a5-40b0-9890-36db20ec5efe', NULL, 2, NULL, NULL, NULL, NULL, NULL, '2026-03-17T16:53:59.926728+00:00');

-- ------------------------------------------------------------
-- Table: sprints
-- ------------------------------------------------------------

CREATE TABLE IF NOT EXISTS public.sprints (
  id uuid NOT NULL,
  name text NOT NULL,
  start_date date NOT NULL,
  end_date date NOT NULL,
  status text NOT NULL,
  created_by uuid NOT NULL,
  created_at timestamptz NOT NULL
);

INSERT INTO public.sprints (id, name, start_date, end_date, status, created_by, created_at) VALUES ('ff98e50d-8f5b-42f6-ac0f-582293fdaeb0', 'Sprint 2', '2025-02-01', '2025-02-28', 'completed', '4f2b3c08-43db-43a4-8199-316dc3fec14a', '2026-03-18T08:09:48.41158+00:00');
INSERT INTO public.sprints (id, name, start_date, end_date, status, created_by, created_at) VALUES ('a0a633e4-c344-4e30-82d1-3c2707024d60', 'Sprint 3', '2025-02-28', '2025-03-30', 'completed', '4f2b3c08-43db-43a4-8199-316dc3fec14a', '2026-03-18T13:22:45.993879+00:00');
INSERT INTO public.sprints (id, name, start_date, end_date, status, created_by, created_at) VALUES ('644bf017-3255-4a0f-9043-344638ccab0b', 'Sprint 4', '2025-03-31', '2025-04-29', 'completed', '4f2b3c08-43db-43a4-8199-316dc3fec14a', '2026-03-18T14:45:25.147679+00:00');
INSERT INTO public.sprints (id, name, start_date, end_date, status, created_by, created_at) VALUES ('6a2ed348-533c-4849-a3a8-2bd363526a59', 'Sprint 5', '2025-04-30', '2025-05-30', 'completed', '4f2b3c08-43db-43a4-8199-316dc3fec14a', '2026-04-09T14:50:32.123859+00:00');
INSERT INTO public.sprints (id, name, start_date, end_date, status, created_by, created_at) VALUES ('95c0d01a-49c3-4c85-b704-ef7e6a489917', 'Sprint 6', '2025-05-31', '2025-06-29', 'completed', '4f2b3c08-43db-43a4-8199-316dc3fec14a', '2026-04-09T14:47:25.462424+00:00');
INSERT INTO public.sprints (id, name, start_date, end_date, status, created_by, created_at) VALUES ('a474f3c4-ef19-4611-a940-8739c1b936e5', 'Sprint 7 et 8', '2025-06-30', '2025-07-30', 'completed', '4f2b3c08-43db-43a4-8199-316dc3fec14a', '2026-04-09T14:44:38.880893+00:00');
INSERT INTO public.sprints (id, name, start_date, end_date, status, created_by, created_at) VALUES ('68e8dd1c-0af4-4a81-86a2-bc30bd568408', 'Sprint 9', '2025-08-31', '2025-09-29', 'completed', '4f2b3c08-43db-43a4-8199-316dc3fec14a', '2026-04-09T14:47:12.2368+00:00');
INSERT INTO public.sprints (id, name, start_date, end_date, status, created_by, created_at) VALUES ('a1d5bd60-75c0-43f1-abed-2047ee2efde1', 'Sprint 10', '2025-10-31', '2025-11-29', 'completed', '4f2b3c08-43db-43a4-8199-316dc3fec14a', '2026-04-09T14:40:47.833089+00:00');
INSERT INTO public.sprints (id, name, start_date, end_date, status, created_by, created_at) VALUES ('14b42bc5-6b8a-4bbb-9b71-b9b4a942f575', 'Sprint 11', '2025-11-30', '2025-12-30', 'completed', '4f2b3c08-43db-43a4-8199-316dc3fec14a', '2026-04-09T14:39:15.681766+00:00');
INSERT INTO public.sprints (id, name, start_date, end_date, status, created_by, created_at) VALUES ('08e9415b-be21-40e8-a9be-0bd43ef6f1e3', 'Sprint 12', '2025-12-31', '2026-01-30', 'completed', '4f2b3c08-43db-43a4-8199-316dc3fec14a', '2026-04-09T14:37:11.832713+00:00');
INSERT INTO public.sprints (id, name, start_date, end_date, status, created_by, created_at) VALUES ('e9945cad-2786-466c-b58d-1d95042b66ef', 'Sprint 13', '2026-01-31', '2026-02-27', 'completed', '4f2b3c08-43db-43a4-8199-316dc3fec14a', '2026-04-09T13:56:27.255876+00:00');
INSERT INTO public.sprints (id, name, start_date, end_date, status, created_by, created_at) VALUES ('d07434b1-504a-4c1b-a665-c9572646fbab', 'Sprint 15', '2026-03-31', '2026-04-29', 'active', '4f2b3c08-43db-43a4-8199-316dc3fec14a', '2026-04-09T07:56:25.352614+00:00');
INSERT INTO public.sprints (id, name, start_date, end_date, status, created_by, created_at) VALUES ('b27a40be-3cce-4d27-b1cd-b924a2e87caf', 'Sprint 16', '2026-04-30', '2026-05-30', 'planned', '4f2b3c08-43db-43a4-8199-316dc3fec14a', '2026-04-14T15:36:30.916444+00:00');
INSERT INTO public.sprints (id, name, start_date, end_date, status, created_by, created_at) VALUES ('f1c65f16-355e-4952-912d-1ed57fab449d', 'Sprint 14', '2026-02-28', '2026-03-30', 'completed', '4f2b3c08-43db-43a4-8199-316dc3fec14a', '2026-04-09T13:44:23.091867+00:00');

-- ------------------------------------------------------------
-- Table: use_case_members
-- ------------------------------------------------------------

CREATE TABLE IF NOT EXISTS public.use_case_members (
  use_case_id uuid NOT NULL,
  profile_id uuid NOT NULL,
  role text NOT NULL
);

INSERT INTO public.use_case_members (use_case_id, profile_id, role) VALUES ('8889c372-dbd5-4a08-9d79-685724a63185', 'a7dbac9f-2825-48d9-82ae-9ef33a334d60', 'owner');
INSERT INTO public.use_case_members (use_case_id, profile_id, role) VALUES ('8889c372-dbd5-4a08-9d79-685724a63185', '91196727-63f0-4743-8c10-5ec438cfeacb', 'contributor');
INSERT INTO public.use_case_members (use_case_id, profile_id, role) VALUES ('8889c372-dbd5-4a08-9d79-685724a63185', '5985d081-cd8e-4bc2-b6d9-e41ebc247308', 'contributor');
INSERT INTO public.use_case_members (use_case_id, profile_id, role) VALUES ('f659a849-3c33-4df7-ad5a-22efb6ae0a7d', 'a7dbac9f-2825-48d9-82ae-9ef33a334d60', 'owner');
INSERT INTO public.use_case_members (use_case_id, profile_id, role) VALUES ('f659a849-3c33-4df7-ad5a-22efb6ae0a7d', '91196727-63f0-4743-8c10-5ec438cfeacb', 'contributor');
INSERT INTO public.use_case_members (use_case_id, profile_id, role) VALUES ('f659a849-3c33-4df7-ad5a-22efb6ae0a7d', 'd14523e8-fcf8-4a9a-8558-b22d3654d634', 'contributor');
INSERT INTO public.use_case_members (use_case_id, profile_id, role) VALUES ('07827b31-bcf9-4df8-a1b4-6ae8f16ed18b', 'a7dbac9f-2825-48d9-82ae-9ef33a334d60', 'owner');
INSERT INTO public.use_case_members (use_case_id, profile_id, role) VALUES ('07827b31-bcf9-4df8-a1b4-6ae8f16ed18b', '91196727-63f0-4743-8c10-5ec438cfeacb', 'contributor');
INSERT INTO public.use_case_members (use_case_id, profile_id, role) VALUES ('07827b31-bcf9-4df8-a1b4-6ae8f16ed18b', '5985d081-cd8e-4bc2-b6d9-e41ebc247308', 'contributor');
INSERT INTO public.use_case_members (use_case_id, profile_id, role) VALUES ('96638407-4d86-41a9-8daa-b4545e6499bf', 'a7dbac9f-2825-48d9-82ae-9ef33a334d60', 'owner');
INSERT INTO public.use_case_members (use_case_id, profile_id, role) VALUES ('96638407-4d86-41a9-8daa-b4545e6499bf', '91196727-63f0-4743-8c10-5ec438cfeacb', 'contributor');
INSERT INTO public.use_case_members (use_case_id, profile_id, role) VALUES ('96638407-4d86-41a9-8daa-b4545e6499bf', '5985d081-cd8e-4bc2-b6d9-e41ebc247308', 'contributor');
INSERT INTO public.use_case_members (use_case_id, profile_id, role) VALUES ('986f5e3c-3aa7-412c-936c-b7002ec7339b', 'a7dbac9f-2825-48d9-82ae-9ef33a334d60', 'owner');
INSERT INTO public.use_case_members (use_case_id, profile_id, role) VALUES ('986f5e3c-3aa7-412c-936c-b7002ec7339b', '91196727-63f0-4743-8c10-5ec438cfeacb', 'contributor');
INSERT INTO public.use_case_members (use_case_id, profile_id, role) VALUES ('986f5e3c-3aa7-412c-936c-b7002ec7339b', '5985d081-cd8e-4bc2-b6d9-e41ebc247308', 'contributor');
INSERT INTO public.use_case_members (use_case_id, profile_id, role) VALUES ('410a2f12-d4b0-4a11-938e-9799a8afd11a', 'a7dbac9f-2825-48d9-82ae-9ef33a334d60', 'owner');
INSERT INTO public.use_case_members (use_case_id, profile_id, role) VALUES ('410a2f12-d4b0-4a11-938e-9799a8afd11a', '91196727-63f0-4743-8c10-5ec438cfeacb', 'contributor');
INSERT INTO public.use_case_members (use_case_id, profile_id, role) VALUES ('410a2f12-d4b0-4a11-938e-9799a8afd11a', '5985d081-cd8e-4bc2-b6d9-e41ebc247308', 'contributor');
INSERT INTO public.use_case_members (use_case_id, profile_id, role) VALUES ('365213ea-a940-46f3-bc47-8400415f197a', 'a7dbac9f-2825-48d9-82ae-9ef33a334d60', 'owner');
INSERT INTO public.use_case_members (use_case_id, profile_id, role) VALUES ('365213ea-a940-46f3-bc47-8400415f197a', '91196727-63f0-4743-8c10-5ec438cfeacb', 'contributor');
INSERT INTO public.use_case_members (use_case_id, profile_id, role) VALUES ('365213ea-a940-46f3-bc47-8400415f197a', '5985d081-cd8e-4bc2-b6d9-e41ebc247308', 'contributor');
INSERT INTO public.use_case_members (use_case_id, profile_id, role) VALUES ('9ef0abf4-a9fb-499b-8ec2-2a07b022ba6e', 'a7dbac9f-2825-48d9-82ae-9ef33a334d60', 'owner');
INSERT INTO public.use_case_members (use_case_id, profile_id, role) VALUES ('9ef0abf4-a9fb-499b-8ec2-2a07b022ba6e', '91196727-63f0-4743-8c10-5ec438cfeacb', 'contributor');
INSERT INTO public.use_case_members (use_case_id, profile_id, role) VALUES ('9ef0abf4-a9fb-499b-8ec2-2a07b022ba6e', '5985d081-cd8e-4bc2-b6d9-e41ebc247308', 'contributor');
INSERT INTO public.use_case_members (use_case_id, profile_id, role) VALUES ('70260894-b164-4ed3-bde3-8b2c15b9150b', 'a7dbac9f-2825-48d9-82ae-9ef33a334d60', 'owner');
INSERT INTO public.use_case_members (use_case_id, profile_id, role) VALUES ('70260894-b164-4ed3-bde3-8b2c15b9150b', '3e9b54f8-c633-4077-b8a5-73f33b0929ea', 'contributor');
INSERT INTO public.use_case_members (use_case_id, profile_id, role) VALUES ('ef96a50c-4eee-4afd-81fd-ddfdb8b24a5a', '91196727-63f0-4743-8c10-5ec438cfeacb', 'owner');
INSERT INTO public.use_case_members (use_case_id, profile_id, role) VALUES ('ef96a50c-4eee-4afd-81fd-ddfdb8b24a5a', '5985d081-cd8e-4bc2-b6d9-e41ebc247308', 'contributor');
INSERT INTO public.use_case_members (use_case_id, profile_id, role) VALUES ('ef96a50c-4eee-4afd-81fd-ddfdb8b24a5a', '2a4905b9-019f-4356-825b-003f6285d691', 'contributor');
INSERT INTO public.use_case_members (use_case_id, profile_id, role) VALUES ('1048576d-65cb-4daf-b536-dd1511f83eec', '91196727-63f0-4743-8c10-5ec438cfeacb', 'owner');
INSERT INTO public.use_case_members (use_case_id, profile_id, role) VALUES ('1048576d-65cb-4daf-b536-dd1511f83eec', 'b476217c-2ef8-49a9-8ec6-a3e30eef4840', 'contributor');
INSERT INTO public.use_case_members (use_case_id, profile_id, role) VALUES ('d3ee69cd-5b52-48d5-80bc-9fa6d21d5ae3', '3616a0ba-f5dd-4260-8af1-2a562ecca53d', 'owner');
INSERT INTO public.use_case_members (use_case_id, profile_id, role) VALUES ('d3ee69cd-5b52-48d5-80bc-9fa6d21d5ae3', '91196727-63f0-4743-8c10-5ec438cfeacb', 'contributor');
INSERT INTO public.use_case_members (use_case_id, profile_id, role) VALUES ('d3ee69cd-5b52-48d5-80bc-9fa6d21d5ae3', 'c665853c-a0d7-4399-a190-c36f61da163b', 'contributor');
INSERT INTO public.use_case_members (use_case_id, profile_id, role) VALUES ('d3ee69cd-5b52-48d5-80bc-9fa6d21d5ae3', '886732c3-3bc7-4c3e-a17c-aa455544334c', 'contributor');
INSERT INTO public.use_case_members (use_case_id, profile_id, role) VALUES ('b1cd4a31-09d3-4f09-959b-9d3d6974589b', '328df29c-b536-4528-a6cf-18d3222da727', 'owner');
INSERT INTO public.use_case_members (use_case_id, profile_id, role) VALUES ('b1cd4a31-09d3-4f09-959b-9d3d6974589b', '0c46199a-538a-40b8-a646-9d3278a01f8b', 'contributor');
INSERT INTO public.use_case_members (use_case_id, profile_id, role) VALUES ('b1cd4a31-09d3-4f09-959b-9d3d6974589b', '3e9b54f8-c633-4077-b8a5-73f33b0929ea', 'contributor');
INSERT INTO public.use_case_members (use_case_id, profile_id, role) VALUES ('53ac04df-7b3c-4611-817f-bb3ab974a1b8', 'c665853c-a0d7-4399-a190-c36f61da163b', 'owner');
INSERT INTO public.use_case_members (use_case_id, profile_id, role) VALUES ('53ac04df-7b3c-4611-817f-bb3ab974a1b8', '886732c3-3bc7-4c3e-a17c-aa455544334c', 'contributor');
INSERT INTO public.use_case_members (use_case_id, profile_id, role) VALUES ('48e88d79-0ec6-4a52-8a54-f6d951b455bd', '3e9b54f8-c633-4077-b8a5-73f33b0929ea', 'owner');
INSERT INTO public.use_case_members (use_case_id, profile_id, role) VALUES ('48e88d79-0ec6-4a52-8a54-f6d951b455bd', '91196727-63f0-4743-8c10-5ec438cfeacb', 'contributor');
INSERT INTO public.use_case_members (use_case_id, profile_id, role) VALUES ('48e88d79-0ec6-4a52-8a54-f6d951b455bd', '5985d081-cd8e-4bc2-b6d9-e41ebc247308', 'contributor');
INSERT INTO public.use_case_members (use_case_id, profile_id, role) VALUES ('48e88d79-0ec6-4a52-8a54-f6d951b455bd', 'c4c4297f-8893-4de6-b8ba-bc1b2b1194d6', 'contributor');
INSERT INTO public.use_case_members (use_case_id, profile_id, role) VALUES ('50d2bd6d-7176-42fd-b8bd-37986b0a7b47', '328df29c-b536-4528-a6cf-18d3222da727', 'owner');
INSERT INTO public.use_case_members (use_case_id, profile_id, role) VALUES ('50d2bd6d-7176-42fd-b8bd-37986b0a7b47', '3268911e-16d5-4163-8a8b-630fcd84c426', 'contributor');
INSERT INTO public.use_case_members (use_case_id, profile_id, role) VALUES ('de268926-9ec3-49e6-9626-04d82073c6d9', '3616a0ba-f5dd-4260-8af1-2a562ecca53d', 'owner');
INSERT INTO public.use_case_members (use_case_id, profile_id, role) VALUES ('de268926-9ec3-49e6-9626-04d82073c6d9', '328df29c-b536-4528-a6cf-18d3222da727', 'contributor');
INSERT INTO public.use_case_members (use_case_id, profile_id, role) VALUES ('4825223d-19c0-470e-b9c5-ea340d9ec0b3', '1bdf31e0-c366-48f5-8ae1-1872f2c432ab', 'owner');
INSERT INTO public.use_case_members (use_case_id, profile_id, role) VALUES ('4825223d-19c0-470e-b9c5-ea340d9ec0b3', '91196727-63f0-4743-8c10-5ec438cfeacb', 'contributor');
INSERT INTO public.use_case_members (use_case_id, profile_id, role) VALUES ('c5806baa-5768-4f1f-afea-c20ce0a608a8', '3e9b54f8-c633-4077-b8a5-73f33b0929ea', 'owner');
INSERT INTO public.use_case_members (use_case_id, profile_id, role) VALUES ('e6b0359a-9de2-44f4-a5d5-fe2a28e4152c', '98797775-a26a-4969-8e78-7c56b132ac10', 'owner');
INSERT INTO public.use_case_members (use_case_id, profile_id, role) VALUES ('e6b0359a-9de2-44f4-a5d5-fe2a28e4152c', 'b43ff625-e0d6-4e47-9c61-46299e684897', 'contributor');
INSERT INTO public.use_case_members (use_case_id, profile_id, role) VALUES ('a5efa13f-0d4c-45bc-bd2a-6c089fb24594', '91196727-63f0-4743-8c10-5ec438cfeacb', 'owner');
INSERT INTO public.use_case_members (use_case_id, profile_id, role) VALUES ('a5efa13f-0d4c-45bc-bd2a-6c089fb24594', '3268911e-16d5-4163-8a8b-630fcd84c426', 'contributor');
INSERT INTO public.use_case_members (use_case_id, profile_id, role) VALUES ('aedb7fc1-0b24-4554-a3cd-c2556805a27b', '98797775-a26a-4969-8e78-7c56b132ac10', 'owner');
INSERT INTO public.use_case_members (use_case_id, profile_id, role) VALUES ('aedb7fc1-0b24-4554-a3cd-c2556805a27b', '3616a0ba-f5dd-4260-8af1-2a562ecca53d', 'contributor');
INSERT INTO public.use_case_members (use_case_id, profile_id, role) VALUES ('8a466b35-5e8f-4b47-aab4-00ff892b4482', '91196727-63f0-4743-8c10-5ec438cfeacb', 'owner');
INSERT INTO public.use_case_members (use_case_id, profile_id, role) VALUES ('1d7b42ef-fdf0-4c7a-ab39-804b10ccee2a', '91196727-63f0-4743-8c10-5ec438cfeacb', 'owner');
INSERT INTO public.use_case_members (use_case_id, profile_id, role) VALUES ('bf80da98-8340-461f-8fa5-18a20b216aa3', '3616a0ba-f5dd-4260-8af1-2a562ecca53d', 'owner');
INSERT INTO public.use_case_members (use_case_id, profile_id, role) VALUES ('bf80da98-8340-461f-8fa5-18a20b216aa3', 'a7dbac9f-2825-48d9-82ae-9ef33a334d60', 'contributor');
INSERT INTO public.use_case_members (use_case_id, profile_id, role) VALUES ('7b0c165b-6eea-406a-b0cf-860a43d1a0eb', '3647714d-0854-4732-a1e0-9c4e19ceeee3', 'owner');
INSERT INTO public.use_case_members (use_case_id, profile_id, role) VALUES ('7b0c165b-6eea-406a-b0cf-860a43d1a0eb', '91196727-63f0-4743-8c10-5ec438cfeacb', 'contributor');
INSERT INTO public.use_case_members (use_case_id, profile_id, role) VALUES ('7b0c165b-6eea-406a-b0cf-860a43d1a0eb', '3e9b54f8-c633-4077-b8a5-73f33b0929ea', 'contributor');
INSERT INTO public.use_case_members (use_case_id, profile_id, role) VALUES ('60252ded-d375-4a09-83f8-2eafedf37464', '3e9b54f8-c633-4077-b8a5-73f33b0929ea', 'owner');
INSERT INTO public.use_case_members (use_case_id, profile_id, role) VALUES ('60252ded-d375-4a09-83f8-2eafedf37464', '91196727-63f0-4743-8c10-5ec438cfeacb', 'contributor');
INSERT INTO public.use_case_members (use_case_id, profile_id, role) VALUES ('4ec42e1e-64c1-4de8-98b9-5002a9c5be36', '91196727-63f0-4743-8c10-5ec438cfeacb', 'owner');
INSERT INTO public.use_case_members (use_case_id, profile_id, role) VALUES ('4ec42e1e-64c1-4de8-98b9-5002a9c5be36', 'a01b2d8f-e16f-4022-8372-7c85d8eea9b7', 'contributor');
INSERT INTO public.use_case_members (use_case_id, profile_id, role) VALUES ('c512ed8b-39e1-4844-893a-6f3449ca01be', '91196727-63f0-4743-8c10-5ec438cfeacb', 'owner');
INSERT INTO public.use_case_members (use_case_id, profile_id, role) VALUES ('c512ed8b-39e1-4844-893a-6f3449ca01be', '3268911e-16d5-4163-8a8b-630fcd84c426', 'contributor');
INSERT INTO public.use_case_members (use_case_id, profile_id, role) VALUES ('ede1d37d-0cbd-4303-8faa-7572dcdca4dc', '91196727-63f0-4743-8c10-5ec438cfeacb', 'owner');
INSERT INTO public.use_case_members (use_case_id, profile_id, role) VALUES ('18d383f0-ae15-42b8-82de-ec788df7e174', '91196727-63f0-4743-8c10-5ec438cfeacb', 'owner');
INSERT INTO public.use_case_members (use_case_id, profile_id, role) VALUES ('c89ced71-6982-4ab9-885b-874c3c1b06c2', '98797775-a26a-4969-8e78-7c56b132ac10', 'owner');
INSERT INTO public.use_case_members (use_case_id, profile_id, role) VALUES ('49de9914-4440-4660-90e1-06752b335777', '91196727-63f0-4743-8c10-5ec438cfeacb', 'owner');
INSERT INTO public.use_case_members (use_case_id, profile_id, role) VALUES ('ec728565-e42b-4bd3-b8d7-2ecc3eaf45ae', 'a7dbac9f-2825-48d9-82ae-9ef33a334d60', 'owner');
INSERT INTO public.use_case_members (use_case_id, profile_id, role) VALUES ('e75ea23c-9e12-4f19-a87d-b3453cf587a2', 'c665853c-a0d7-4399-a190-c36f61da163b', 'owner');
INSERT INTO public.use_case_members (use_case_id, profile_id, role) VALUES ('18b27927-8cb7-4f96-99d9-0984e125ecb8', '886732c3-3bc7-4c3e-a17c-aa455544334c', 'owner');
INSERT INTO public.use_case_members (use_case_id, profile_id, role) VALUES ('18b27927-8cb7-4f96-99d9-0984e125ecb8', 'c665853c-a0d7-4399-a190-c36f61da163b', 'contributor');
INSERT INTO public.use_case_members (use_case_id, profile_id, role) VALUES ('6dee530c-44bb-4620-a0bd-016f3a4ecf29', '98797775-a26a-4969-8e78-7c56b132ac10', 'owner');
INSERT INTO public.use_case_members (use_case_id, profile_id, role) VALUES ('6dee530c-44bb-4620-a0bd-016f3a4ecf29', 'a7dbac9f-2825-48d9-82ae-9ef33a334d60', 'contributor');
INSERT INTO public.use_case_members (use_case_id, profile_id, role) VALUES ('6dee530c-44bb-4620-a0bd-016f3a4ecf29', '886732c3-3bc7-4c3e-a17c-aa455544334c', 'contributor');
INSERT INTO public.use_case_members (use_case_id, profile_id, role) VALUES ('df5cbba5-3b85-4b10-80a0-2a294782c555', 'a7dbac9f-2825-48d9-82ae-9ef33a334d60', 'owner');
INSERT INTO public.use_case_members (use_case_id, profile_id, role) VALUES ('df5cbba5-3b85-4b10-80a0-2a294782c555', 'c665853c-a0d7-4399-a190-c36f61da163b', 'contributor');
INSERT INTO public.use_case_members (use_case_id, profile_id, role) VALUES ('4ff98520-e966-4475-9f15-c59c05919621', 'a7dbac9f-2825-48d9-82ae-9ef33a334d60', 'owner');
INSERT INTO public.use_case_members (use_case_id, profile_id, role) VALUES ('09d1169b-238d-4efb-a69b-4376d5ff862e', '328df29c-b536-4528-a6cf-18d3222da727', 'owner');
INSERT INTO public.use_case_members (use_case_id, profile_id, role) VALUES ('09d1169b-238d-4efb-a69b-4376d5ff862e', '5985d081-cd8e-4bc2-b6d9-e41ebc247308', 'contributor');
INSERT INTO public.use_case_members (use_case_id, profile_id, role) VALUES ('09d1169b-238d-4efb-a69b-4376d5ff862e', '91196727-63f0-4743-8c10-5ec438cfeacb', 'contributor');
INSERT INTO public.use_case_members (use_case_id, profile_id, role) VALUES ('09d1169b-238d-4efb-a69b-4376d5ff862e', 'a7dbac9f-2825-48d9-82ae-9ef33a334d60', 'contributor');
INSERT INTO public.use_case_members (use_case_id, profile_id, role) VALUES ('f76c67d7-c1a9-4395-b156-e08727780ace', '91196727-63f0-4743-8c10-5ec438cfeacb', 'owner');
INSERT INTO public.use_case_members (use_case_id, profile_id, role) VALUES ('d700f53c-f4a5-40b0-9890-36db20ec5efe', '3647714d-0854-4732-a1e0-9c4e19ceeee3', 'owner');
INSERT INTO public.use_case_members (use_case_id, profile_id, role) VALUES ('1ed7fb2c-95bb-4680-b3e6-df064f334c19', 'c665853c-a0d7-4399-a190-c36f61da163b', 'contributor');
INSERT INTO public.use_case_members (use_case_id, profile_id, role) VALUES ('b77137d0-09a2-44c9-819e-cd168de4a1d8', 'a7dbac9f-2825-48d9-82ae-9ef33a334d60', 'contributor');

-- ------------------------------------------------------------
-- Table: use_cases
-- ------------------------------------------------------------

CREATE TABLE IF NOT EXISTS public.use_cases (
  id uuid NOT NULL,
  title text NOT NULL,
  description text NOT NULL,
  status text NOT NULL,
  category text NOT NULL,
  priority text NOT NULL,
  sprint_id uuid,
  owner_id uuid NOT NULL,
  documentation text,
  is_published boolean NOT NULL,
  cover_image_url text,
  short_description text,
  created_at timestamptz NOT NULL,
  updated_at timestamptz NOT NULL,
  deliverable_type text,
  usage_type text,
  tools text,
  target_users text,
  benchmark_url text,
  journey_url text,
  next_steps text,
  transfer_status text
);

INSERT INTO public.use_cases (id, title, description, status, category, priority, sprint_id, owner_id, documentation, is_published, cover_image_url, short_description, created_at, updated_at, deliverable_type, usage_type, tools, target_users, benchmark_url, journey_url, next_steps, transfer_status) VALUES ('05f28e12-2bff-4cf8-ab3f-4bb6791b0384', 'LLM Analyzer Productisation', '', 'in_progress', 'PRODUCT', 'medium', 'd07434b1-504a-4c1b-a665-c9572646fbab', '91196727-63f0-4743-8c10-5ec438cfeacb', '', FALSE, NULL, NULL, '2026-04-09T10:41:00.351279+00:00', '2026-04-13T09:39:28.420901+00:00', 'Build', 'Vente', NULL, NULL, NULL, NULL, NULL, NULL);
INSERT INTO public.use_cases (id, title, description, status, category, priority, sprint_id, owner_id, documentation, is_published, cover_image_url, short_description, created_at, updated_at, deliverable_type, usage_type, tools, target_users, benchmark_url, journey_url, next_steps, transfer_status) VALUES ('b77137d0-09a2-44c9-819e-cd168de4a1d8', 'Méthodo déploiement stack cible : Architecture Vibe coding ', '', 'in_progress', 'LAB', 'medium', 'b27a40be-3cce-4d27-b1cd-b924a2e87caf', '98797775-a26a-4969-8e78-7c56b132ac10', '', FALSE, NULL, NULL, '2026-04-09T10:43:51.683053+00:00', '2026-04-21T15:21:49.105112+00:00', 'Build', 'Interne Digi', NULL, NULL, NULL, NULL, NULL, NULL);
INSERT INTO public.use_cases (id, title, description, status, category, priority, sprint_id, owner_id, documentation, is_published, cover_image_url, short_description, created_at, updated_at, deliverable_type, usage_type, tools, target_users, benchmark_url, journey_url, next_steps, transfer_status) VALUES ('1048576d-65cb-4daf-b536-dd1511f83eec', 'Audit I Mettre en place un outil permettant d''auditer un compte Google Ads rapidement', 'Audit I Mettre en place un outil permettant d''auditer un compte Google Ads rapidement', 'done', 'LAB', 'medium', NULL, '91196727-63f0-4743-8c10-5ec438cfeacb', NULL, TRUE, NULL, NULL, '2026-03-03T15:37:41.044727+00:00', '2026-04-09T10:31:33.752977+00:00', 'Build', 'Productivité missions', NULL, NULL, NULL, NULL, NULL, NULL);
INSERT INTO public.use_cases (id, title, description, status, category, priority, sprint_id, owner_id, documentation, is_published, cover_image_url, short_description, created_at, updated_at, deliverable_type, usage_type, tools, target_users, benchmark_url, journey_url, next_steps, transfer_status) VALUES ('b1cd4a31-09d3-4f09-959b-9d3d6974589b', 'Outils de feedback, Backlog et Prio I Centraliser, notifier et prioriser les demandes métiers', 'Outils de feedback, Backlog et Prio I Centraliser, notifier et prioriser les demandes métiers', 'done', 'LAB', 'medium', NULL, '328df29c-b536-4528-a6cf-18d3222da727', NULL, TRUE, NULL, NULL, '2026-03-03T15:37:42.557388+00:00', '2026-04-09T10:31:33.752977+00:00', 'Build', 'Productivité missions', NULL, NULL, NULL, NULL, 'A finaliser si usage I a repasser au quarter si réel besoin', 'Oui si confirmé');
INSERT INTO public.use_cases (id, title, description, status, category, priority, sprint_id, owner_id, documentation, is_published, cover_image_url, short_description, created_at, updated_at, deliverable_type, usage_type, tools, target_users, benchmark_url, journey_url, next_steps, transfer_status) VALUES ('70260894-b164-4ed3-bde3-8b2c15b9150b', 'Outils de veille I A partir d''une liste d''acteurs précis, d''un sujet et/ou de quelques mots clés, créer un outil de veille des actualités business', 'Outils de veille I A partir d''une liste d''acteurs précis, d''un sujet et/ou de quelques mots clés, créer un outil de veille des actualités business', 'done', 'PRODUCT', 'medium', NULL, 'a7dbac9f-2825-48d9-82ae-9ef33a334d60', NULL, TRUE, NULL, NULL, '2026-03-03T15:37:39.589935+00:00', '2026-04-09T10:31:33.752977+00:00', 'Build', 'Productivité missions', NULL, NULL, NULL, NULL, 'Decliner le produit mapa en marque blanche', 'Oui');
INSERT INTO public.use_cases (id, title, description, status, category, priority, sprint_id, owner_id, documentation, is_published, cover_image_url, short_description, created_at, updated_at, deliverable_type, usage_type, tools, target_users, benchmark_url, journey_url, next_steps, transfer_status) VALUES ('53ac04df-7b3c-4611-817f-bb3ab974a1b8', 'Outils de feedback, Backlog et Prio I Module de feedback Bubble.io / en code', 'Outils de feedback, Backlog et Prio I Module de feedback Bubble.io / en code', 'done', 'PRODUCT', 'medium', NULL, 'c665853c-a0d7-4399-a190-c36f61da163b', NULL, TRUE, NULL, NULL, '2026-03-03T15:37:43.42231+00:00', '2026-03-25T15:05:19.776946+00:00', 'Build', 'Interne Digi', NULL, NULL, NULL, NULL, '-', 'Oui');
INSERT INTO public.use_cases (id, title, description, status, category, priority, sprint_id, owner_id, documentation, is_published, cover_image_url, short_description, created_at, updated_at, deliverable_type, usage_type, tools, target_users, benchmark_url, journey_url, next_steps, transfer_status) VALUES ('c0397187-4f05-43df-a05e-5e2e1d6941aa', 'Dashboard Ads', '', 'todo', 'LAB', 'medium', 'b27a40be-3cce-4d27-b1cd-b924a2e87caf', '3647714d-0854-4732-a1e0-9c4e19ceeee3', NULL, FALSE, NULL, NULL, '2026-04-14T15:37:28.971418+00:00', '2026-04-15T07:59:52.942755+00:00', 'Build', 'Interne Digi', NULL, NULL, NULL, NULL, NULL, NULL);
INSERT INTO public.use_cases (id, title, description, status, category, priority, sprint_id, owner_id, documentation, is_published, cover_image_url, short_description, created_at, updated_at, deliverable_type, usage_type, tools, target_users, benchmark_url, journey_url, next_steps, transfer_status) VALUES ('c512ed8b-39e1-4844-893a-6f3449ca01be', 'Outils d''optimisation SEO des pages de contenus', 'Outils d''optimisation SEO des pages de contenus', 'done', 'LAB', 'medium', NULL, '91196727-63f0-4743-8c10-5ec438cfeacb', NULL, TRUE, NULL, NULL, '2026-03-03T15:37:51.465738+00:00', '2026-03-03T15:37:51.465738+00:00', 'Build', 'Vente', NULL, NULL, NULL, NULL, NULL, NULL);
INSERT INTO public.use_cases (id, title, description, status, category, priority, sprint_id, owner_id, documentation, is_published, cover_image_url, short_description, created_at, updated_at, deliverable_type, usage_type, tools, target_users, benchmark_url, journey_url, next_steps, transfer_status) VALUES ('3d95c209-14d0-4aae-adf5-75138588b1cd', 'Pouvoir générer en automatique, un audit flash SEO à partir d''un nom de domaine', 'Pouvoir générer en automatique, un audit flash SEO à partir d''un nom de domaine', 'backlog', 'LAB', 'medium', NULL, '9ac65cf8-129f-4677-85f5-e65973fd689c', NULL, FALSE, NULL, NULL, '2026-03-03T16:21:09.890023+00:00', '2026-04-09T10:31:33.752977+00:00', 'Build', 'Vente', NULL, NULL, NULL, NULL, NULL, NULL);
INSERT INTO public.use_cases (id, title, description, status, category, priority, sprint_id, owner_id, documentation, is_published, cover_image_url, short_description, created_at, updated_at, deliverable_type, usage_type, tools, target_users, benchmark_url, journey_url, next_steps, transfer_status) VALUES ('aedb7fc1-0b24-4554-a3cd-c2556805a27b', 'Recrutement : automatiser l''analyse des CVs des personnes postulant aux offres d''emploi Digi.', 'Recrutement : automatiser l''analyse des CVs des personnes postulant aux offres d''emploi Digi.', 'done', 'LAB', 'medium', NULL, '98797775-a26a-4969-8e78-7c56b132ac10', NULL, TRUE, NULL, NULL, '2026-03-03T15:37:47.965712+00:00', '2026-03-25T15:05:19.776946+00:00', 'Build', 'Interne Digi', NULL, NULL, NULL, NULL, 'Reposer la question du legal ou non', 'Oui si confirmé');
INSERT INTO public.use_cases (id, title, description, status, category, priority, sprint_id, owner_id, documentation, is_published, cover_image_url, short_description, created_at, updated_at, deliverable_type, usage_type, tools, target_users, benchmark_url, journey_url, next_steps, transfer_status) VALUES ('7abe2bbd-c7d4-4517-9747-e5928d562b93', '"Un canal slack “Better Call ?” pour trouver automatiquement le Digi disponible qui dispose de la compétence de mon choix
(connexion Make ST Bubble, sheet compétences, profils LinkedIn et Chat GPT)"', '"Un canal slack “Better Call ?” pour trouver automatiquement le Digi disponible qui dispose de la compétence de mon choix
(connexion Make ST Bubble, sheet compétences, profils LinkedIn et Chat GPT)"', 'backlog', 'LAB', 'medium', NULL, '9ac65cf8-129f-4677-85f5-e65973fd689c', NULL, FALSE, NULL, NULL, '2026-03-03T16:21:12.103087+00:00', '2026-04-09T10:31:33.752977+00:00', 'Build', 'Interne Digi', NULL, NULL, NULL, NULL, NULL, NULL);
INSERT INTO public.use_cases (id, title, description, status, category, priority, sprint_id, owner_id, documentation, is_published, cover_image_url, short_description, created_at, updated_at, deliverable_type, usage_type, tools, target_users, benchmark_url, journey_url, next_steps, transfer_status) VALUES ('c7001e2c-f6ac-49f9-b2df-59562205509f', 'Automatisation intégrée à Stafftool qui recalcule les TJM à partir de ce qui a été vendu et finalement produit', 'Automatisation intégrée à Stafftool qui recalcule les TJM à partir de ce qui a été vendu et finalement produit', 'backlog', 'IMPACT', 'medium', NULL, '9ac65cf8-129f-4677-85f5-e65973fd689c', '', FALSE, NULL, NULL, '2026-03-03T16:21:14.833995+00:00', '2026-04-09T10:31:33.752977+00:00', 'Build', 'Interne Digi', NULL, NULL, NULL, NULL, NULL, NULL);
INSERT INTO public.use_cases (id, title, description, status, category, priority, sprint_id, owner_id, documentation, is_published, cover_image_url, short_description, created_at, updated_at, deliverable_type, usage_type, tools, target_users, benchmark_url, journey_url, next_steps, transfer_status) VALUES ('b0837458-6f5a-4090-8c8a-4d790bae9b66', 'Extraction et envoi automatisé de chiffres/données a partir d''un mail dans une table (en vue de tenir a jour un rapport journalier/hebdo/mensuel)', 'Extraction et envoi automatisé de chiffres/données a partir d''un mail dans une table (en vue de tenir a jour un rapport journalier/hebdo/mensuel)', 'backlog', 'LAB', 'medium', NULL, '9ac65cf8-129f-4677-85f5-e65973fd689c', NULL, FALSE, NULL, NULL, '2026-03-03T16:21:13.681765+00:00', '2026-04-09T10:31:33.752977+00:00', 'Build', 'Productivité missions', NULL, NULL, NULL, NULL, NULL, NULL);
INSERT INTO public.use_cases (id, title, description, status, category, priority, sprint_id, owner_id, documentation, is_published, cover_image_url, short_description, created_at, updated_at, deliverable_type, usage_type, tools, target_users, benchmark_url, journey_url, next_steps, transfer_status) VALUES ('18eb0240-5ad3-4bc0-bd8d-8ab40c5ea0ba', 'A partir d''un brief SEA BPCE, créer un plan de campagne au format excel détaillant les campagnes, groupes d''annonces, ventilation budgétaire etc.', 'A partir d''un brief SEA BPCE, créer un plan de campagne au format excel détaillant les campagnes, groupes d''annonces, ventilation budgétaire etc.', 'abandoned', 'LAB', 'medium', NULL, '9ac65cf8-129f-4677-85f5-e65973fd689c', NULL, FALSE, NULL, NULL, '2026-03-03T16:21:23.606821+00:00', '2026-04-09T10:31:33.752977+00:00', 'Build', 'Productivité missions', NULL, NULL, NULL, NULL, NULL, NULL);
INSERT INTO public.use_cases (id, title, description, status, category, priority, sprint_id, owner_id, documentation, is_published, cover_image_url, short_description, created_at, updated_at, deliverable_type, usage_type, tools, target_users, benchmark_url, journey_url, next_steps, transfer_status) VALUES ('18b27927-8cb7-4f96-99d9-0984e125ecb8', 'Productisation - plannings automatiques', 'Productisation - plannings automatiques', 'todo', 'LAB', 'medium', NULL, '886732c3-3bc7-4c3e-a17c-aa455544334c', NULL, FALSE, NULL, NULL, '2026-03-03T16:21:15.890452+00:00', '2026-03-03T16:21:15.890452+00:00', 'Build', 'Vente', 'Bubble', NULL, NULL, NULL, NULL, NULL);
INSERT INTO public.use_cases (id, title, description, status, category, priority, sprint_id, owner_id, documentation, is_published, cover_image_url, short_description, created_at, updated_at, deliverable_type, usage_type, tools, target_users, benchmark_url, journey_url, next_steps, transfer_status) VALUES ('09d1169b-238d-4efb-a69b-4376d5ff862e', 'Automatisation Stack Prospection digi', 'Automatisation Stack Prospection digi', 'in_progress', 'LAB', 'medium', 'd07434b1-504a-4c1b-a665-c9572646fbab', '328df29c-b536-4528-a6cf-18d3222da727', '', FALSE, NULL, NULL, '2026-03-03T16:21:17.782915+00:00', '2026-04-15T08:50:37.545383+00:00', 'Build', 'Vente', NULL, NULL, NULL, NULL, NULL, NULL);
INSERT INTO public.use_cases (id, title, description, status, category, priority, sprint_id, owner_id, documentation, is_published, cover_image_url, short_description, created_at, updated_at, deliverable_type, usage_type, tools, target_users, benchmark_url, journey_url, next_steps, transfer_status) VALUES ('4ff98520-e966-4475-9f15-c59c05919621', 'RAG sur les meeting notes (perso pour chaque Digi) + slackbot', 'RAG sur les meeting notes (perso pour chaque Digi) + slackbot', 'in_progress', 'LAB', 'medium', NULL, 'a7dbac9f-2825-48d9-82ae-9ef33a334d60', '', FALSE, NULL, NULL, '2026-03-03T16:21:17.37216+00:00', '2026-04-21T15:21:44.546144+00:00', 'Build', 'Interne Digi', NULL, NULL, NULL, NULL, NULL, NULL);
INSERT INTO public.use_cases (id, title, description, status, category, priority, sprint_id, owner_id, documentation, is_published, cover_image_url, short_description, created_at, updated_at, deliverable_type, usage_type, tools, target_users, benchmark_url, journey_url, next_steps, transfer_status) VALUES ('d700f53c-f4a5-40b0-9890-36db20ec5efe', 'Projet BPCE - production d''assets video', 'Projet BPCE - production d''assets video', 'in_progress', 'IMPACT', 'medium', NULL, '91196727-63f0-4743-8c10-5ec438cfeacb', '', FALSE, NULL, NULL, '2026-03-03T16:21:18.905994+00:00', '2026-03-17T16:53:59.833189+00:00', 'Build', 'Vente', NULL, NULL, NULL, NULL, NULL, NULL);
INSERT INTO public.use_cases (id, title, description, status, category, priority, sprint_id, owner_id, documentation, is_published, cover_image_url, short_description, created_at, updated_at, deliverable_type, usage_type, tools, target_users, benchmark_url, journey_url, next_steps, transfer_status) VALUES ('5ab17601-ae27-4bdc-89a2-2179b44c2b02', 'Automatisation pour résumer automatiquement les articles sur slack qui ne comportent pas de résumé', 'Automatisation pour résumer automatiquement les articles sur slack qui ne comportent pas de résumé', 'backlog', 'LAB', 'medium', NULL, '9ac65cf8-129f-4677-85f5-e65973fd689c', NULL, FALSE, NULL, NULL, '2026-03-03T16:21:15.51039+00:00', '2026-04-09T10:31:33.752977+00:00', 'Build', 'Interne Digi', NULL, NULL, NULL, NULL, NULL, NULL);
INSERT INTO public.use_cases (id, title, description, status, category, priority, sprint_id, owner_id, documentation, is_published, cover_image_url, short_description, created_at, updated_at, deliverable_type, usage_type, tools, target_users, benchmark_url, journey_url, next_steps, transfer_status) VALUES ('aa89fd3d-d5be-43e3-b48b-00759a30fe0c', 'IA coffacilitatrice pendant les ateliers (Time keeper, tips pendant la journée idéation, synthèse des échanges, note reader)', 'IA coffacilitatrice pendant les ateliers (Time keeper, tips pendant la journée idéation, synthèse des échanges, note reader)', 'backlog', 'LAB', 'medium', NULL, '9ac65cf8-129f-4677-85f5-e65973fd689c', NULL, FALSE, NULL, NULL, '2026-03-03T16:21:12.705816+00:00', '2026-04-09T10:31:33.752977+00:00', 'Build', 'Productivité missions', NULL, NULL, NULL, NULL, NULL, NULL);
INSERT INTO public.use_cases (id, title, description, status, category, priority, sprint_id, owner_id, documentation, is_published, cover_image_url, short_description, created_at, updated_at, deliverable_type, usage_type, tools, target_users, benchmark_url, journey_url, next_steps, transfer_status) VALUES ('85530c87-fb95-4632-833d-b30e32622f6e', 'Génération de présentation powerpoint', 'Génération de présentation powerpoint', 'abandoned', 'LAB', 'medium', NULL, '9ac65cf8-129f-4677-85f5-e65973fd689c', NULL, FALSE, NULL, NULL, '2026-03-03T16:21:23.051741+00:00', '2026-04-09T10:31:33.752977+00:00', 'Build', 'Productivité missions', NULL, NULL, NULL, NULL, NULL, NULL);
INSERT INTO public.use_cases (id, title, description, status, category, priority, sprint_id, owner_id, documentation, is_published, cover_image_url, short_description, created_at, updated_at, deliverable_type, usage_type, tools, target_users, benchmark_url, journey_url, next_steps, transfer_status) VALUES ('0ad48eee-c5b1-419e-9f44-4d1647fd0aa7', 'Outil d''aide à la définition du budget marque en SEA (prenant en compte les positions SEO)', 'Outil d''aide à la définition du budget marque en SEA (prenant en compte les positions SEO)', 'backlog', 'LAB', 'medium', NULL, '9ac65cf8-129f-4677-85f5-e65973fd689c', NULL, FALSE, NULL, NULL, '2026-03-03T16:21:14.273814+00:00', '2026-04-09T10:31:33.752977+00:00', 'Build', 'Productivité missions', NULL, NULL, NULL, NULL, NULL, NULL);
INSERT INTO public.use_cases (id, title, description, status, category, priority, sprint_id, owner_id, documentation, is_published, cover_image_url, short_description, created_at, updated_at, deliverable_type, usage_type, tools, target_users, benchmark_url, journey_url, next_steps, transfer_status) VALUES ('8f3a3cb9-a909-4e7b-885e-f74d8cc89fd7', 'Gestion des leads Digi au sein de ST (ajout de leads, scoring proba gain, suivi pipe)', 'Gestion des leads Digi au sein de ST (ajout de leads, scoring proba gain, suivi pipe)', 'backlog', 'LAB', 'medium', NULL, '9ac65cf8-129f-4677-85f5-e65973fd689c', NULL, FALSE, NULL, NULL, '2026-03-03T16:21:13.382278+00:00', '2026-03-03T16:21:13.382278+00:00', 'Build', 'Vente', NULL, NULL, NULL, NULL, NULL, NULL);
INSERT INTO public.use_cases (id, title, description, status, category, priority, sprint_id, owner_id, documentation, is_published, cover_image_url, short_description, created_at, updated_at, deliverable_type, usage_type, tools, target_users, benchmark_url, journey_url, next_steps, transfer_status) VALUES ('f76c67d7-c1a9-4395-b156-e08727780ace', 'Optimisation automatique d''article existant - SEO', 'Optimisation automatique d''article existant - SEO', 'in_progress', 'LAB', 'medium', NULL, '91196727-63f0-4743-8c10-5ec438cfeacb', NULL, FALSE, NULL, NULL, '2026-03-03T16:21:18.419544+00:00', '2026-03-03T16:21:18.419544+00:00', 'Build', 'Vente', NULL, NULL, NULL, NULL, NULL, NULL);
INSERT INTO public.use_cases (id, title, description, status, category, priority, sprint_id, owner_id, documentation, is_published, cover_image_url, short_description, created_at, updated_at, deliverable_type, usage_type, tools, target_users, benchmark_url, journey_url, next_steps, transfer_status) VALUES ('df5cbba5-3b85-4b10-80a0-2a294782c555', 'Walkthrough / setup vibecoding + cookbook', 'Walkthrough / setup vibecoding + cookbook', 'todo', 'LAB', 'medium', 'b27a40be-3cce-4d27-b1cd-b924a2e87caf', 'a7dbac9f-2825-48d9-82ae-9ef33a334d60', '', FALSE, NULL, NULL, '2026-03-03T16:21:16.903853+00:00', '2026-04-21T15:21:36.303958+00:00', 'Build', 'Vente', 'Filesearch Gemini ou Open AI', NULL, NULL, NULL, NULL, NULL);
INSERT INTO public.use_cases (id, title, description, status, category, priority, sprint_id, owner_id, documentation, is_published, cover_image_url, short_description, created_at, updated_at, deliverable_type, usage_type, tools, target_users, benchmark_url, journey_url, next_steps, transfer_status) VALUES ('8960a5e2-0333-41e3-a920-9773ae3052ab', 'Pour les régies, automatiser la duplication d''événements entre les deux calendriers client et Digi', 'Pour les régies, automatiser la duplication d''événements entre les deux calendriers client et Digi', 'abandoned', 'LAB', 'medium', NULL, '9ac65cf8-129f-4677-85f5-e65973fd689c', NULL, FALSE, NULL, NULL, '2026-03-03T16:21:23.31977+00:00', '2026-04-09T10:31:33.752977+00:00', 'Build', 'Interne Digi', NULL, NULL, NULL, NULL, NULL, NULL);
INSERT INTO public.use_cases (id, title, description, status, category, priority, sprint_id, owner_id, documentation, is_published, cover_image_url, short_description, created_at, updated_at, deliverable_type, usage_type, tools, target_users, benchmark_url, journey_url, next_steps, transfer_status) VALUES ('e577f980-db54-415c-907c-a6354f909393', 'Générer automatiquement les images des propales plutot que perdre du temps à chercher l''image libre de droit qui correspond', 'Générer automatiquement les images des propales plutot que perdre du temps à chercher l''image libre de droit qui correspond', 'backlog', 'LAB', 'medium', NULL, '9ac65cf8-129f-4677-85f5-e65973fd689c', NULL, FALSE, NULL, NULL, '2026-03-03T16:21:12.958672+00:00', '2026-04-09T10:31:33.752977+00:00', 'Build', 'Interne Digi', NULL, NULL, NULL, NULL, NULL, NULL);
INSERT INTO public.use_cases (id, title, description, status, category, priority, sprint_id, owner_id, documentation, is_published, cover_image_url, short_description, created_at, updated_at, deliverable_type, usage_type, tools, target_users, benchmark_url, journey_url, next_steps, transfer_status) VALUES ('4102e5ad-5883-4ff6-a76b-fbc9e758afd9', 'Génération de REX : permettre à chacun de créer ses REX et de générer des slides facilement (automatisation et animation de l''alimentation)', 'Génération de REX : permettre à chacun de créer ses REX et de générer des slides facilement (automatisation et animation de l''alimentation)', 'backlog', 'LAB', 'medium', NULL, '9ac65cf8-129f-4677-85f5-e65973fd689c', NULL, FALSE, NULL, NULL, '2026-03-03T16:21:14.569775+00:00', '2026-04-09T10:31:33.752977+00:00', 'Build', 'Vente', NULL, NULL, NULL, NULL, NULL, NULL);
INSERT INTO public.use_cases (id, title, description, status, category, priority, sprint_id, owner_id, documentation, is_published, cover_image_url, short_description, created_at, updated_at, deliverable_type, usage_type, tools, target_users, benchmark_url, journey_url, next_steps, transfer_status) VALUES ('6dee530c-44bb-4620-a0bd-016f3a4ecf29', 'Interface de gestion des EAD (onglet objectifs) - Version en cours', 'Interface de gestion des EAD (onglet objectifs) - Version en cours', 'done', 'LAB', 'medium', NULL, '98797775-a26a-4969-8e78-7c56b132ac10', '', FALSE, NULL, NULL, '2026-03-03T16:21:16.402314+00:00', '2026-04-09T14:01:46.865041+00:00', 'Build', 'Interne Digi', 'Cursor / Supabase', NULL, NULL, NULL, NULL, NULL);
INSERT INTO public.use_cases (id, title, description, status, category, priority, sprint_id, owner_id, documentation, is_published, cover_image_url, short_description, created_at, updated_at, deliverable_type, usage_type, tools, target_users, benchmark_url, journey_url, next_steps, transfer_status) VALUES ('973ee4dd-b110-4e78-a6cc-b2b9539b4b77', 'Injection du drive dans un LLM pour pouvoir requeter toutes sortes de choses', 'Injection du drive dans un LLM pour pouvoir requeter toutes sortes de choses', 'abandoned', 'LAB', 'medium', NULL, '9ac65cf8-129f-4677-85f5-e65973fd689c', NULL, FALSE, NULL, NULL, '2026-03-03T16:21:22.767048+00:00', '2026-03-03T16:27:54.438488+00:00', 'Build', 'Interne Digi', NULL, NULL, NULL, NULL, NULL, NULL);
INSERT INTO public.use_cases (id, title, description, status, category, priority, sprint_id, owner_id, documentation, is_published, cover_image_url, short_description, created_at, updated_at, deliverable_type, usage_type, tools, target_users, benchmark_url, journey_url, next_steps, transfer_status) VALUES ('f16f1d55-a003-4c5b-b039-eb9d77617f3d', 'REX projet produit : 
Use case 1 : reprendre tous les tickets et faire le comparo : Points prévus, points réalisés, vélocité. 
Use Case 2 : analyser sur l''ensemble d''une capacité en point d''une équipe sur une période donnée', 'REX projet produit : 
Use case 1 : reprendre tous les tickets et faire le comparo : Points prévus, points réalisés, vélocité. 
Use Case 2 : analyser sur l''ensemble d''une capacité en point d''une équipe sur une période donnée', 'backlog', 'LAB', 'medium', NULL, '9ac65cf8-129f-4677-85f5-e65973fd689c', NULL, FALSE, NULL, NULL, '2026-03-03T16:21:13.969847+00:00', '2026-04-09T10:31:33.752977+00:00', 'Build', 'Vente', NULL, NULL, NULL, NULL, NULL, NULL);
INSERT INTO public.use_cases (id, title, description, status, category, priority, sprint_id, owner_id, documentation, is_published, cover_image_url, short_description, created_at, updated_at, deliverable_type, usage_type, tools, target_users, benchmark_url, journey_url, next_steps, transfer_status) VALUES ('50d2bd6d-7176-42fd-b8bd-37986b0a7b47', 'Audit I Automatisation des audit flash SEO', 'Audit I Automatisation des audit flash SEO', 'done', 'LAB', 'medium', NULL, '328df29c-b536-4528-a6cf-18d3222da727', NULL, TRUE, NULL, NULL, '2026-03-03T15:37:45.103701+00:00', '2026-03-25T15:05:19.776946+00:00', 'Build', 'Vente', NULL, NULL, NULL, NULL, 'A challenger coté market sur l''usage ==> aujourd''hui output limité car pas accès à l''API Semrush car trop cher', 'Oui si confirmé');
INSERT INTO public.use_cases (id, title, description, status, category, priority, sprint_id, owner_id, documentation, is_published, cover_image_url, short_description, created_at, updated_at, deliverable_type, usage_type, tools, target_users, benchmark_url, journey_url, next_steps, transfer_status) VALUES ('c89ced71-6982-4ab9-885b-874c3c1b06c2', 'Newsletter de veille automatique', 'Newsletter de veille automatique', 'done', 'IMPACT', 'medium', NULL, '98797775-a26a-4969-8e78-7c56b132ac10', NULL, TRUE, NULL, NULL, '2026-03-03T15:37:52.864945+00:00', '2026-03-25T15:05:19.776946+00:00', 'Build', 'Vente', NULL, NULL, NULL, NULL, 'aujourd''hui c''est un IMPACT qui a été vendu a un client : Souhaite-on le revendre a d''autre client et si oui, est-il productisable', 'Oui si possible mais pas nécessaire');
INSERT INTO public.use_cases (id, title, description, status, category, priority, sprint_id, owner_id, documentation, is_published, cover_image_url, short_description, created_at, updated_at, deliverable_type, usage_type, tools, target_users, benchmark_url, journey_url, next_steps, transfer_status) VALUES ('86899fb6-fa99-4138-934c-7fba154b07cd', 'Automatiser la remontée des budgets quotidiens dans Google Ads afin de pouvoir sortir le KPI Budget - dépense et faire en sorte qu''il soit le plus proche de 0 possible. Récupérer également le target ROAS. Afin de sortir des recommandations sur l''''évolution du target ROAS pour dépenser tout le budget de manière optimale. 
Granularité : au global et par campagne
+ pouvoir remonter l''évolution des valeurs de conversion par action de conversion. Pour voir la place des conversions en volume et en valeur. 
+ remonter les actions de conversion par campagne afin de déterminer des modifications en termes de title/description ou encore de stratégie de conversion.', 'Automatiser la remontée des budgets quotidiens dans Google Ads afin de pouvoir sortir le KPI Budget - dépense et faire en sorte qu''il soit le plus proche de 0 possible. Récupérer également le target ROAS. Afin de sortir des recommandations sur l''''évolution du target ROAS pour dépenser tout le budget de manière optimale. 
Granularité : au global et par campagne
+ pouvoir remonter l''évolution des valeurs de conversion par action de conversion. Pour voir la place des conversions en volume et en valeur. 
+ remonter les actions de conversion par campagne afin de déterminer des modifications en termes de title/description ou encore de stratégie de conversion.', 'backlog', 'LAB', 'medium', NULL, '9ac65cf8-129f-4677-85f5-e65973fd689c', NULL, FALSE, NULL, NULL, '2026-03-03T16:21:15.122921+00:00', '2026-04-09T10:31:33.752977+00:00', 'Build', NULL, NULL, NULL, NULL, NULL, NULL, NULL);
INSERT INTO public.use_cases (id, title, description, status, category, priority, sprint_id, owner_id, documentation, is_published, cover_image_url, short_description, created_at, updated_at, deliverable_type, usage_type, tools, target_users, benchmark_url, journey_url, next_steps, transfer_status) VALUES ('de268926-9ec3-49e6-9626-04d82073c6d9', 'Base de connaissance I création d''une base onglet sur Stafftool', 'Base de connaissance I création d''une base onglet sur Stafftool', 'done', 'LAB', 'medium', NULL, '3616a0ba-f5dd-4260-8af1-2a562ecca53d', NULL, TRUE, NULL, NULL, '2026-03-03T15:37:45.585921+00:00', '2026-04-09T10:31:33.752977+00:00', 'Build', 'Vente', NULL, NULL, NULL, NULL, 'Pas d''utilisation aujourd''hui voir meme dérangeant la partie connaissance ==> à challenger au quarter produit (revoir et développer l''usage ou abandon)', 'Déjà transféré');
INSERT INTO public.use_cases (id, title, description, status, category, priority, sprint_id, owner_id, documentation, is_published, cover_image_url, short_description, created_at, updated_at, deliverable_type, usage_type, tools, target_users, benchmark_url, journey_url, next_steps, transfer_status) VALUES ('1ed7fb2c-95bb-4680-b3e6-df064f334c19', 'Formalisation outil pilotage et backlog IA Lab', '', 'in_progress', 'LAB', 'medium', NULL, '886732c3-3bc7-4c3e-a17c-aa455544334c', '', FALSE, NULL, NULL, '2026-04-09T07:56:07.248526+00:00', '2026-04-13T09:38:47.558335+00:00', 'Build', 'Interne Digi', 'Claude Code', NULL, NULL, NULL, NULL, NULL);
INSERT INTO public.use_cases (id, title, description, status, category, priority, sprint_id, owner_id, documentation, is_published, cover_image_url, short_description, created_at, updated_at, deliverable_type, usage_type, tools, target_users, benchmark_url, journey_url, next_steps, transfer_status) VALUES ('ef96a50c-4eee-4afd-81fd-ddfdb8b24a5a', 'Outil de veille I A partir de la liste de contacts de 1er niveau de Digilityx : toutes les activités sont consignées dans un airtable puis analyse LLM pour qualifier l''activité. Si des activités sont intéressantes pour le business : notification du contact Digi sur Slack', 'Outil de veille I A partir de la liste de contacts de 1er niveau de Digilityx : toutes les activités sont consignées dans un airtable puis analyse LLM pour qualifier l''activité. Si des activités sont intéressantes pour le business : notification du contact Digi sur Slack', 'done', 'IMPACT', 'medium', NULL, '91196727-63f0-4743-8c10-5ec438cfeacb', NULL, TRUE, NULL, NULL, '2026-03-03T15:37:40.192172+00:00', '2026-04-09T10:31:33.752977+00:00', 'Build', 'Vente', NULL, NULL, NULL, NULL, 'Dans le projet de Julie', NULL);
INSERT INTO public.use_cases (id, title, description, status, category, priority, sprint_id, owner_id, documentation, is_published, cover_image_url, short_description, created_at, updated_at, deliverable_type, usage_type, tools, target_users, benchmark_url, journey_url, next_steps, transfer_status) VALUES ('fdc0a04f-2dae-458c-9f7c-7b9af385c5e3', 'LLM as a CMS', '', 'in_progress', 'LAB', 'medium', 'd07434b1-504a-4c1b-a665-c9572646fbab', '98797775-a26a-4969-8e78-7c56b132ac10', '', FALSE, NULL, NULL, '2026-04-09T10:20:47.297268+00:00', '2026-04-24T11:56:02.884101+00:00', 'Build', 'Vente', NULL, NULL, NULL, NULL, NULL, NULL);
INSERT INTO public.use_cases (id, title, description, status, category, priority, sprint_id, owner_id, documentation, is_published, cover_image_url, short_description, created_at, updated_at, deliverable_type, usage_type, tools, target_users, benchmark_url, journey_url, next_steps, transfer_status) VALUES ('4ec42e1e-64c1-4de8-98b9-5002a9c5be36', 'Usine à création de contenu IA basé sur Airtable', 'Usine à création de contenu IA basé sur Airtable', 'done', 'LAB', 'medium', NULL, '91196727-63f0-4743-8c10-5ec438cfeacb', NULL, TRUE, NULL, NULL, '2026-03-03T15:37:50.888824+00:00', '2026-04-09T10:31:33.752977+00:00', 'Build', 'Vente', NULL, NULL, NULL, NULL, 'Front (comptes etc...) à créer', 'Oui si confirmé');
INSERT INTO public.use_cases (id, title, description, status, category, priority, sprint_id, owner_id, documentation, is_published, cover_image_url, short_description, created_at, updated_at, deliverable_type, usage_type, tools, target_users, benchmark_url, journey_url, next_steps, transfer_status) VALUES ('d3ee69cd-5b52-48d5-80bc-9fa6d21d5ae3', 'Note de frais I A partir des factures, scan tickets de caisse, automatiser la création des notes de frais (calcul de la TVA, conversion $ > â¬,...)', 'Note de frais I A partir des factures, scan tickets de caisse, automatiser la création des notes de frais (calcul de la TVA, conversion $ > €,...)', 'done', 'LAB', 'medium', NULL, '3616a0ba-f5dd-4260-8af1-2a562ecca53d', NULL, TRUE, NULL, NULL, '2026-03-03T15:37:41.729933+00:00', '2026-04-09T10:31:33.752977+00:00', 'Build', 'Interne Digi', NULL, NULL, NULL, NULL, 'Abandon ou conservé : Deja créé dans ST mais pas en prod utilisé dans le process actuel.', 'Déjà transféré');
INSERT INTO public.use_cases (id, title, description, status, category, priority, sprint_id, owner_id, documentation, is_published, cover_image_url, short_description, created_at, updated_at, deliverable_type, usage_type, tools, target_users, benchmark_url, journey_url, next_steps, transfer_status) VALUES ('ec728565-e42b-4bd3-b8d7-2ecc3eaf45ae', 'Personal planner - Booker des créneaux libre dans son agenda pour des sujets dédiés', 'Personal planner - Booker des créneaux libre dans son agenda pour des sujets dédiés', 'done', 'LAB', 'medium', NULL, 'a7dbac9f-2825-48d9-82ae-9ef33a334d60', '', TRUE, NULL, NULL, '2026-03-03T15:37:53.729975+00:00', '2026-04-09T10:31:33.752977+00:00', 'Build', 'Interne Digi', NULL, NULL, NULL, NULL, 'Utilisation individuelle (Enzo) aujourd''hui ==> à challenger au quarter produit (revoir et développer l''usage ou abandon) Front (comptes etc...) à créer', 'Oui si confirmé');
INSERT INTO public.use_cases (id, title, description, status, category, priority, sprint_id, owner_id, documentation, is_published, cover_image_url, short_description, created_at, updated_at, deliverable_type, usage_type, tools, target_users, benchmark_url, journey_url, next_steps, transfer_status) VALUES ('e75ea23c-9e12-4f19-a87d-b3453cf587a2', 'App gamifiée de veille & curations : tech, IA, Product, Automatisation.', 'App gamifiée de veille & curations : tech, IA, Product, Automatisation.', 'done', 'PRODUCT', 'medium', NULL, 'c665853c-a0d7-4399-a190-c36f61da163b', '', TRUE, NULL, NULL, '2026-03-03T15:37:54.121245+00:00', '2026-04-09T10:31:33.752977+00:00', 'Build', 'Interne Digi', NULL, NULL, NULL, NULL, 'Decliner le produit en marque blanche et valider la publication sur les stores', 'Oui');
INSERT INTO public.use_cases (id, title, description, status, category, priority, sprint_id, owner_id, documentation, is_published, cover_image_url, short_description, created_at, updated_at, deliverable_type, usage_type, tools, target_users, benchmark_url, journey_url, next_steps, transfer_status) VALUES ('7b2542a4-f79a-4448-900c-f503066cf9fb', 'Guide du check d''un compte publicitaire : quoi regarder et quelles actions correctives', 'Guide du check d''un compte publicitaire : quoi regarder et quelles actions correctives', 'backlog', 'LAB', 'medium', NULL, '9ac65cf8-129f-4677-85f5-e65973fd689c', NULL, FALSE, NULL, NULL, '2026-03-03T16:21:09.068609+00:00', '2026-04-09T10:31:33.752977+00:00', 'Bonnes pratiques', 'Productivité missions', NULL, NULL, NULL, NULL, NULL, NULL);
INSERT INTO public.use_cases (id, title, description, status, category, priority, sprint_id, owner_id, documentation, is_published, cover_image_url, short_description, created_at, updated_at, deliverable_type, usage_type, tools, target_users, benchmark_url, journey_url, next_steps, transfer_status) VALUES ('dc3676bb-0f18-4250-90c8-448275a46a33', 'Mettre en place un outil permettant d''auditer un compte Meta Ads rapidement', 'Mettre en place un outil permettant d''auditer un compte Meta Ads rapidement', 'backlog', 'LAB', 'medium', NULL, '9ac65cf8-129f-4677-85f5-e65973fd689c', NULL, FALSE, NULL, NULL, '2026-03-03T16:21:10.283774+00:00', '2026-04-09T10:31:33.752977+00:00', 'Build', 'Productivité missions', NULL, NULL, NULL, NULL, NULL, NULL);
INSERT INTO public.use_cases (id, title, description, status, category, priority, sprint_id, owner_id, documentation, is_published, cover_image_url, short_description, created_at, updated_at, deliverable_type, usage_type, tools, target_users, benchmark_url, journey_url, next_steps, transfer_status) VALUES ('94fcfdc8-c7ce-46cd-9401-12a82755ed77', 'Scrapping de toutes les relations de premier niveau LinkedIn d''un groupe de personnes', 'Scrapping de toutes les relations de premier niveau LinkedIn d''un groupe de personnes', 'backlog', 'LAB', 'medium', NULL, '9ac65cf8-129f-4677-85f5-e65973fd689c', NULL, FALSE, NULL, NULL, '2026-03-03T16:21:12.405506+00:00', '2026-04-09T10:31:33.752977+00:00', 'Build', 'Productivité missions', NULL, NULL, NULL, NULL, NULL, NULL);
INSERT INTO public.use_cases (id, title, description, status, category, priority, sprint_id, owner_id, documentation, is_published, cover_image_url, short_description, created_at, updated_at, deliverable_type, usage_type, tools, target_users, benchmark_url, journey_url, next_steps, transfer_status) VALUES ('18d383f0-ae15-42b8-82de-ec788df7e174', 'Outil de création de message automatique pour Cold Emailing', 'Outil de création de message automatique pour Cold Emailing', 'done', 'LAB', 'medium', NULL, '91196727-63f0-4743-8c10-5ec438cfeacb', NULL, TRUE, NULL, NULL, '2026-03-03T15:37:52.510865+00:00', '2026-04-09T10:31:33.752977+00:00', 'Build', 'Productivité missions', NULL, NULL, NULL, NULL, NULL, NULL);
INSERT INTO public.use_cases (id, title, description, status, category, priority, sprint_id, owner_id, documentation, is_published, cover_image_url, short_description, created_at, updated_at, deliverable_type, usage_type, tools, target_users, benchmark_url, journey_url, next_steps, transfer_status) VALUES ('83d9d6df-7491-4ca6-a357-59e437959263', 'Création de contenus : automatiser via Make le workflow d''Antoine pour production de contenus.', 'Création de contenus : automatiser via Make le workflow d''Antoine pour production de contenus.', 'backlog', 'LAB', 'medium', NULL, '9ac65cf8-129f-4677-85f5-e65973fd689c', NULL, FALSE, NULL, NULL, '2026-03-03T16:21:08.658259+00:00', '2026-04-09T10:31:33.752977+00:00', 'Build', 'Productivité missions', NULL, NULL, NULL, NULL, NULL, NULL);
INSERT INTO public.use_cases (id, title, description, status, category, priority, sprint_id, owner_id, documentation, is_published, cover_image_url, short_description, created_at, updated_at, deliverable_type, usage_type, tools, target_users, benchmark_url, journey_url, next_steps, transfer_status) VALUES ('803eef84-afe7-48b5-9998-f086e1f54312', 'Reporting unifié et travaillé pour les comptes Google Ads, GA4, Meta, LinkedIn Ads, Bing Ads', 'Reporting unifié et travaillé pour les comptes Google Ads, GA4, Meta, LinkedIn Ads, Bing Ads', 'backlog', 'LAB', 'medium', NULL, '9ac65cf8-129f-4677-85f5-e65973fd689c', NULL, FALSE, NULL, NULL, '2026-03-03T16:21:09.342203+00:00', '2026-04-09T10:31:33.752977+00:00', 'Build', 'Productivité missions', NULL, NULL, NULL, NULL, NULL, NULL);
INSERT INTO public.use_cases (id, title, description, status, category, priority, sprint_id, owner_id, documentation, is_published, cover_image_url, short_description, created_at, updated_at, deliverable_type, usage_type, tools, target_users, benchmark_url, journey_url, next_steps, transfer_status) VALUES ('c7d68a02-b813-45d5-9c31-c00b6154ff36', 'Lors d''une recherche utilisateur : Automatiser la création de compte rendu d''interview dans le slack de nos clients', 'Lors d''une recherche utilisateur : Automatiser la création de compte rendu d''interview dans le slack de nos clients', 'backlog', 'LAB', 'medium', NULL, '9ac65cf8-129f-4677-85f5-e65973fd689c', NULL, FALSE, NULL, NULL, '2026-03-03T16:21:09.606158+00:00', '2026-04-09T10:31:33.752977+00:00', 'Build', 'Productivité missions', NULL, NULL, NULL, NULL, NULL, NULL);
INSERT INTO public.use_cases (id, title, description, status, category, priority, sprint_id, owner_id, documentation, is_published, cover_image_url, short_description, created_at, updated_at, deliverable_type, usage_type, tools, target_users, benchmark_url, journey_url, next_steps, transfer_status) VALUES ('5d1b69b5-a994-48dd-be67-adc85120ca5b', 'Création moodbaord / benchmark : Donner les ambiances qu''on souhaite à une IA, et ce dernier fait la recherche pour nous et la création du bench', 'Création moodbaord / benchmark : Donner les ambiances qu''on souhaite à une IA, et ce dernier fait la recherche pour nous et la création du bench', 'backlog', 'LAB', 'medium', NULL, '9ac65cf8-129f-4677-85f5-e65973fd689c', NULL, FALSE, NULL, NULL, '2026-03-03T16:21:11.145047+00:00', '2026-04-09T10:31:33.752977+00:00', 'Build', 'Productivité missions', NULL, NULL, NULL, NULL, NULL, NULL);
INSERT INTO public.use_cases (id, title, description, status, category, priority, sprint_id, owner_id, documentation, is_published, cover_image_url, short_description, created_at, updated_at, deliverable_type, usage_type, tools, target_users, benchmark_url, journey_url, next_steps, transfer_status) VALUES ('996d0c94-184c-418c-97ab-d7a75d8c6dcd', 'Emailing automatique en cas de problèmes de performances sur des campagnes', 'Emailing automatique en cas de problèmes de performances sur des campagnes', 'backlog', 'LAB', 'medium', NULL, '9ac65cf8-129f-4677-85f5-e65973fd689c', NULL, FALSE, NULL, NULL, '2026-03-03T16:21:10.578638+00:00', '2026-04-09T10:31:33.752977+00:00', 'Build', 'Productivité missions', NULL, NULL, NULL, NULL, NULL, NULL);
INSERT INTO public.use_cases (id, title, description, status, category, priority, sprint_id, owner_id, documentation, is_published, cover_image_url, short_description, created_at, updated_at, deliverable_type, usage_type, tools, target_users, benchmark_url, journey_url, next_steps, transfer_status) VALUES ('7a54e41f-6fb3-4e67-8116-ec4f5a9e34f0', 'Outil SEO de comparaison entre prod et préprod (outil Antoine), déjà en local, le mettre sur un serveur.', 'Outil SEO de comparaison entre prod et préprod (outil Antoine), déjà en local, le mettre sur un serveur.', 'backlog', 'LAB', 'medium', NULL, '9ac65cf8-129f-4677-85f5-e65973fd689c', NULL, FALSE, NULL, NULL, '2026-03-03T16:21:11.746175+00:00', '2026-04-09T10:31:33.752977+00:00', 'Build', 'Productivité missions', NULL, NULL, NULL, NULL, NULL, NULL);
INSERT INTO public.use_cases (id, title, description, status, category, priority, sprint_id, owner_id, documentation, is_published, cover_image_url, short_description, created_at, updated_at, deliverable_type, usage_type, tools, target_users, benchmark_url, journey_url, next_steps, transfer_status) VALUES ('e19041ef-39b3-4fec-a9c8-fd5897d2c275', 'Mettre en place un outil permettant de : créer un plan de tracking et suivre les développements.', 'Mettre en place un outil permettant de : créer un plan de tracking et suivre les développements.', 'backlog', 'LAB', 'medium', NULL, '9ac65cf8-129f-4677-85f5-e65973fd689c', NULL, FALSE, NULL, NULL, '2026-03-03T16:21:11.422079+00:00', '2026-04-09T10:31:33.752977+00:00', 'Build', 'Productivité missions', NULL, NULL, NULL, NULL, NULL, NULL);
INSERT INTO public.use_cases (id, title, description, status, category, priority, sprint_id, owner_id, documentation, is_published, cover_image_url, short_description, created_at, updated_at, deliverable_type, usage_type, tools, target_users, benchmark_url, journey_url, next_steps, transfer_status) VALUES ('96638407-4d86-41a9-8daa-b4545e6499bf', 'Enrichissement de base I - A partir d''une liste d''entreprises et basé sur basé sur des job titles spécifique, identifier et enrichir la base avec les décideurs,', 'Enrichissement de base I - A partir d''une liste d''entreprises et basé sur basé sur des job titles spécifique, identifier et enrichir la base avec les décideurs,', 'done', 'LAB', 'medium', NULL, 'a7dbac9f-2825-48d9-82ae-9ef33a334d60', NULL, TRUE, NULL, NULL, '2026-03-03T15:37:36.566004+00:00', '2026-04-09T10:31:33.752977+00:00', 'Build', 'Productivité missions', NULL, NULL, NULL, NULL, NULL, NULL);
INSERT INTO public.use_cases (id, title, description, status, category, priority, sprint_id, owner_id, documentation, is_published, cover_image_url, short_description, created_at, updated_at, deliverable_type, usage_type, tools, target_users, benchmark_url, journey_url, next_steps, transfer_status) VALUES ('48e88d79-0ec6-4a52-8a54-f6d951b455bd', 'Mesure de la performance I Automatisation des analyse Performance Camp :', 'Mesure de la performance I Automatisation des analyse Performance Camp :', 'done', 'LAB', 'medium', NULL, '3e9b54f8-c633-4077-b8a5-73f33b0929ea', NULL, TRUE, NULL, NULL, '2026-03-03T15:37:44.210396+00:00', '2026-04-09T10:31:33.752977+00:00', 'Build', 'Productivité missions', NULL, NULL, NULL, NULL, 'A challenger coté market sur l''usage ==> si utilisé est ce qu''il faut juste plus communiqué dessus ou développé un front ou des features', 'Oui si confirmé');
INSERT INTO public.use_cases (id, title, description, status, category, priority, sprint_id, owner_id, documentation, is_published, cover_image_url, short_description, created_at, updated_at, deliverable_type, usage_type, tools, target_users, benchmark_url, journey_url, next_steps, transfer_status) VALUES ('8889c372-dbd5-4a08-9d79-685724a63185', 'Enrichissement de base I - A partir d''une liste d''entreprises, et potentiellement autres datapoints, identifier et enrichir la base avec les noms de domaine', 'Enrichissement de base I - A partir d''une liste d''entreprises, et potentiellement autres datapoints, identifier et enrichir la base avec les noms de domaine', 'done', 'LAB', 'medium', NULL, 'a7dbac9f-2825-48d9-82ae-9ef33a334d60', NULL, TRUE, NULL, NULL, '2026-03-03T15:37:34.848769+00:00', '2026-04-09T10:31:33.752977+00:00', 'Build', 'Productivité missions', NULL, NULL, NULL, NULL, 'A challenger coté market sur l''usage ==> si utilisé est ce qu''il faut juste plus communiqué dessus ou développé un front ou des features', 'Oui si confirmé');
INSERT INTO public.use_cases (id, title, description, status, category, priority, sprint_id, owner_id, documentation, is_published, cover_image_url, short_description, created_at, updated_at, deliverable_type, usage_type, tools, target_users, benchmark_url, journey_url, next_steps, transfer_status) VALUES ('f659a849-3c33-4df7-ad5a-22efb6ae0a7d', 'Enrichissement de base I - A partir d''une liste de noms de domaine, identifier et enrichir la base avec les noms d''entreprise, avec des informations de CA, secteur etc', 'Enrichissement de base I - A partir d''une liste de noms de domaine, identifier et enrichir la base avec les noms d''entreprise, avec des informations de CA, secteur etc', 'done', 'LAB', 'medium', NULL, 'a7dbac9f-2825-48d9-82ae-9ef33a334d60', NULL, TRUE, NULL, NULL, '2026-03-03T15:37:35.446618+00:00', '2026-04-09T10:31:33.752977+00:00', 'Build', 'Productivité missions', NULL, NULL, NULL, NULL, 'A challenger coté market sur l''usage ==> si utilisé est ce qu''il faut juste plus communiqué dessus ou développé un front ou des features', 'Oui si confirmé');
INSERT INTO public.use_cases (id, title, description, status, category, priority, sprint_id, owner_id, documentation, is_published, cover_image_url, short_description, created_at, updated_at, deliverable_type, usage_type, tools, target_users, benchmark_url, journey_url, next_steps, transfer_status) VALUES ('07827b31-bcf9-4df8-a1b4-6ae8f16ed18b', 'Enrichissement de base I - A partir de noms de domaine, identifier et enrichir la base avec les entreprise et les profils LinkedIn company', 'Enrichissement de base I - A partir de noms de domaine, identifier et enrichir la base avec les entreprise et les profils LinkedIn company', 'done', 'LAB', 'medium', NULL, 'a7dbac9f-2825-48d9-82ae-9ef33a334d60', NULL, TRUE, NULL, NULL, '2026-03-03T15:37:35.986794+00:00', '2026-04-09T10:31:33.752977+00:00', 'Build', 'Productivité missions', NULL, NULL, NULL, NULL, 'A challenger coté market sur l''usage ==> si utilisé est ce qu''il faut juste plus communiqué dessus ou développé un front ou des features', 'Oui si confirmé');
INSERT INTO public.use_cases (id, title, description, status, category, priority, sprint_id, owner_id, documentation, is_published, cover_image_url, short_description, created_at, updated_at, deliverable_type, usage_type, tools, target_users, benchmark_url, journey_url, next_steps, transfer_status) VALUES ('7b0c165b-6eea-406a-b0cf-860a43d1a0eb', 'Outil de veille pour les campagnes SEA & SMA', 'Outil de veille pour les campagnes SEA & SMA', 'done', 'LAB', 'medium', NULL, '3647714d-0854-4732-a1e0-9c4e19ceeee3', NULL, TRUE, NULL, NULL, '2026-03-03T15:37:49.843523+00:00', '2026-04-09T10:31:33.752977+00:00', 'Build', 'Productivité missions', NULL, NULL, NULL, NULL, 'A challenger coté market sur l''usage ==> Déja repris par Enzo pour Mapa ==> next step créer une interface marque blanche. Quid du coup de l''outil pour l''analyse des pubs en fonction du meta ID', 'Oui');
INSERT INTO public.use_cases (id, title, description, status, category, priority, sprint_id, owner_id, documentation, is_published, cover_image_url, short_description, created_at, updated_at, deliverable_type, usage_type, tools, target_users, benchmark_url, journey_url, next_steps, transfer_status) VALUES ('60252ded-d375-4a09-83f8-2eafedf37464', 'Se brancher avec le MCP Server de GA pour poser des questions', 'Se brancher avec le MCP Server de GA pour poser des questions', 'done', 'LAB', 'medium', NULL, '3e9b54f8-c633-4077-b8a5-73f33b0929ea', NULL, TRUE, NULL, NULL, '2026-03-03T15:37:50.421211+00:00', '2026-04-09T10:31:33.752977+00:00', 'Build', 'Productivité missions', NULL, NULL, NULL, NULL, 'Intégré au projet Ads/analytics de manu', 'En cours de reprise');
INSERT INTO public.use_cases (id, title, description, status, category, priority, sprint_id, owner_id, documentation, is_published, cover_image_url, short_description, created_at, updated_at, deliverable_type, usage_type, tools, target_users, benchmark_url, journey_url, next_steps, transfer_status) VALUES ('49de9914-4440-4660-90e1-06752b335777', 'Outils d''audit automatique GEO - scraping des pages sélectionnées et analyse', 'Outils d''audit automatique GEO - scraping des pages sélectionnées et analyse', 'done', 'LAB', 'medium', NULL, '91196727-63f0-4743-8c10-5ec438cfeacb', NULL, TRUE, NULL, NULL, '2026-03-03T15:37:53.223056+00:00', '2026-04-09T10:31:33.752977+00:00', 'Build', 'Productivité missions', NULL, NULL, NULL, NULL, 'Front (comptes etc...) à créer', 'Oui');
INSERT INTO public.use_cases (id, title, description, status, category, priority, sprint_id, owner_id, documentation, is_published, cover_image_url, short_description, created_at, updated_at, deliverable_type, usage_type, tools, target_users, benchmark_url, journey_url, next_steps, transfer_status) VALUES ('1d7b42ef-fdf0-4c7a-ab39-804b10ccee2a', 'Outil de monitoring LLM : requete sur les principaux prompts tapés sur une marque puis requete LLM pour analyser.', 'Outil de monitoring LLM : requete sur les principaux prompts tapés sur une marque puis requete LLM pour analyser.', 'done', 'PRODUCT', 'medium', NULL, '91196727-63f0-4743-8c10-5ec438cfeacb', NULL, TRUE, NULL, NULL, '2026-03-03T15:37:48.951652+00:00', '2026-04-09T10:31:33.752977+00:00', 'Build', 'Productivité missions', NULL, NULL, NULL, NULL, 'Front (comptes etc...) à créer et optimiser le pipeline (surconso de token)', 'Oui');
INSERT INTO public.use_cases (id, title, description, status, category, priority, sprint_id, owner_id, documentation, is_published, cover_image_url, short_description, created_at, updated_at, deliverable_type, usage_type, tools, target_users, benchmark_url, journey_url, next_steps, transfer_status) VALUES ('5ea24791-046f-40d9-bb7f-aacb90af57b0', 'Donner les fondations de l''UI kit à une IA (couleurs, typos, banque d''icône, border-radius..) et l''IA crée les composants élémentaires', 'Donner les fondations de l''UI kit à une IA (couleurs, typos, banque d''icône, border-radius..) et l''IA crée les composants élémentaires', 'backlog', 'LAB', 'medium', NULL, '9ac65cf8-129f-4677-85f5-e65973fd689c', NULL, FALSE, NULL, NULL, '2026-03-03T16:21:10.847771+00:00', '2026-04-09T10:31:33.752977+00:00', 'Build', 'Productivité missions', NULL, NULL, NULL, NULL, NULL, NULL);
INSERT INTO public.use_cases (id, title, description, status, category, priority, sprint_id, owner_id, documentation, is_published, cover_image_url, short_description, created_at, updated_at, deliverable_type, usage_type, tools, target_users, benchmark_url, journey_url, next_steps, transfer_status) VALUES ('4825223d-19c0-470e-b9c5-ea340d9ec0b3', 'Google Ads I Outil d''alerting slack lorsque les performances sont à checker', 'Google Ads I Outil d''alerting slack lorsque les performances sont à checker', 'done', 'LAB', 'medium', NULL, '1bdf31e0-c366-48f5-8ae1-1872f2c432ab', NULL, TRUE, NULL, NULL, '2026-03-03T15:37:46.104271+00:00', '2026-04-09T10:31:33.752977+00:00', 'Build', 'Productivité missions', NULL, NULL, NULL, NULL, 'A challenger coté market sur l''usage ==> si utilisé est ce qu''il faut juste plus communiqué dessus ou développé un front ou des features', 'Oui si confirmé');
INSERT INTO public.use_cases (id, title, description, status, category, priority, sprint_id, owner_id, documentation, is_published, cover_image_url, short_description, created_at, updated_at, deliverable_type, usage_type, tools, target_users, benchmark_url, journey_url, next_steps, transfer_status) VALUES ('c5806baa-5768-4f1f-afea-c20ce0a608a8', 'Automatisation de l''export des dépenses media par régie et par campagne', 'Automatisation de l''export des dépenses media par régie et par campagne', 'done', 'LAB', 'medium', NULL, '3e9b54f8-c633-4077-b8a5-73f33b0929ea', NULL, TRUE, NULL, NULL, '2026-03-03T15:37:46.642373+00:00', '2026-04-09T10:31:33.752977+00:00', 'Build', 'Productivité missions', NULL, NULL, NULL, NULL, 'A challenger coté market sur l''usage ==> si utilisé est ce qu''il faut juste plus communiqué dessus ou développé un front ou des features', 'Oui si confirmé');
INSERT INTO public.use_cases (id, title, description, status, category, priority, sprint_id, owner_id, documentation, is_published, cover_image_url, short_description, created_at, updated_at, deliverable_type, usage_type, tools, target_users, benchmark_url, journey_url, next_steps, transfer_status) VALUES ('a5efa13f-0d4c-45bc-bd2a-6c089fb24594', 'Outil SEO : a partir d''un Gsheet listant les mots clés pour un domaine, scoring de ces mots clés d''un point de vue business par LLM', 'Outil SEO : a partir d''un Gsheet listant les mots clés pour un domaine, scoring de ces mots clés d''un point de vue business par LLM', 'done', 'LAB', 'medium', NULL, '91196727-63f0-4743-8c10-5ec438cfeacb', NULL, TRUE, NULL, NULL, '2026-03-03T15:37:47.442389+00:00', '2026-04-09T10:31:33.752977+00:00', 'Build', 'Productivité missions', NULL, NULL, NULL, NULL, NULL, 'En cours de reprise');
INSERT INTO public.use_cases (id, title, description, status, category, priority, sprint_id, owner_id, documentation, is_published, cover_image_url, short_description, created_at, updated_at, deliverable_type, usage_type, tools, target_users, benchmark_url, journey_url, next_steps, transfer_status) VALUES ('8a466b35-5e8f-4b47-aab4-00ff892b4482', 'Outil de génération d''articles à partir d''un mot clé donné', 'Outil de génération d''articles à partir d''un mot clé donné', 'done', 'LAB', 'medium', NULL, '91196727-63f0-4743-8c10-5ec438cfeacb', NULL, TRUE, NULL, NULL, '2026-03-03T15:37:48.479212+00:00', '2026-04-09T10:31:33.752977+00:00', 'Build', 'Productivité missions', NULL, NULL, NULL, NULL, 'Front (comptes etc...) à créer', 'Oui si confirmé');
INSERT INTO public.use_cases (id, title, description, status, category, priority, sprint_id, owner_id, documentation, is_published, cover_image_url, short_description, created_at, updated_at, deliverable_type, usage_type, tools, target_users, benchmark_url, journey_url, next_steps, transfer_status) VALUES ('986f5e3c-3aa7-412c-936c-b7002ec7339b', 'Enrichissement de base I  A partir d''une liste de  contacts, identifier et enrichir la base avec profils linkedin complet, email, numéro de téléphone', 'Enrichissement de base I  A partir d''une liste de  contacts, identifier et enrichir la base avec profils linkedin complet, email, numéro de téléphone', 'done', 'LAB', 'medium', NULL, 'a7dbac9f-2825-48d9-82ae-9ef33a334d60', NULL, TRUE, NULL, NULL, '2026-03-03T15:37:37.104958+00:00', '2026-04-09T10:31:33.752977+00:00', 'Build', 'Productivité missions', NULL, NULL, NULL, NULL, 'Existe en manuel a venir sur le projet A+A', 'En cours de reprise');
INSERT INTO public.use_cases (id, title, description, status, category, priority, sprint_id, owner_id, documentation, is_published, cover_image_url, short_description, created_at, updated_at, deliverable_type, usage_type, tools, target_users, benchmark_url, journey_url, next_steps, transfer_status) VALUES ('e6b0359a-9de2-44f4-a5d5-fe2a28e4152c', 'Adaptation du Airtable Audit pour l''écoconception', 'Adaptation du Airtable Audit pour l''écoconception', 'done', 'LAB', 'medium', NULL, '98797775-a26a-4969-8e78-7c56b132ac10', NULL, TRUE, NULL, NULL, '2026-03-03T15:37:46.999462+00:00', '2026-04-09T10:31:33.752977+00:00', 'Build', 'Productivité missions', NULL, NULL, NULL, NULL, 'A challenger coté UX sur l''usage ==> si utilisé est ce qu''il faut juste plus communiqué dessus ou développé un front ou des features', 'Oui si confirmé');
INSERT INTO public.use_cases (id, title, description, status, category, priority, sprint_id, owner_id, documentation, is_published, cover_image_url, short_description, created_at, updated_at, deliverable_type, usage_type, tools, target_users, benchmark_url, journey_url, next_steps, transfer_status) VALUES ('9ef0abf4-a9fb-499b-8ec2-2a07b022ba6e', 'Scoring de base I A partir d''une liste de contacts, s''appuyer sur l''IA pour scorer et catégoriser les cibles', 'Scoring de base I A partir d''une liste de contacts, s''appuyer sur l''IA pour scorer et catégoriser les cibles', 'done', 'LAB', 'medium', NULL, 'a7dbac9f-2825-48d9-82ae-9ef33a334d60', NULL, TRUE, NULL, NULL, '2026-03-03T15:37:39.083979+00:00', '2026-04-09T10:31:33.752977+00:00', 'Build', 'Productivité missions', NULL, NULL, NULL, NULL, 'A challenger coté market sur l''usage ==> si utilisé est ce qu''il faut juste plus communiqué dessus ou développé un front ou des features', 'Oui si confirmé');
INSERT INTO public.use_cases (id, title, description, status, category, priority, sprint_id, owner_id, documentation, is_published, cover_image_url, short_description, created_at, updated_at, deliverable_type, usage_type, tools, target_users, benchmark_url, journey_url, next_steps, transfer_status) VALUES ('410a2f12-d4b0-4a11-938e-9799a8afd11a', 'Enrichissement de base I A partir de post Linkedin postés sur un sujet particulier, identifier et enrichir une base avec les profils Linkedin', 'Enrichissement de base I A partir de post Linkedin postés sur un sujet particulier, identifier et enrichir une base avec les profils Linkedin', 'done', 'LAB', 'medium', NULL, 'a7dbac9f-2825-48d9-82ae-9ef33a334d60', NULL, TRUE, NULL, NULL, '2026-03-03T15:37:37.670066+00:00', '2026-04-09T10:31:33.752977+00:00', 'Build', 'Productivité missions', NULL, NULL, NULL, NULL, 'A challenger coté market sur l''usage ==> si utilisé est ce qu''il faut juste plus communiqué dessus ou développé un front ou des features', 'Oui si confirmé');
INSERT INTO public.use_cases (id, title, description, status, category, priority, sprint_id, owner_id, documentation, is_published, cover_image_url, short_description, created_at, updated_at, deliverable_type, usage_type, tools, target_users, benchmark_url, journey_url, next_steps, transfer_status) VALUES ('bf80da98-8340-461f-8fa5-18a20b216aa3', 'Création d''un outil de pilotage des initiatives déployées en mission / outil de roadmap projet', 'Création d''un outil de pilotage des initiatives déployées en mission / outil de roadmap projet', 'done', 'LAB', 'medium', NULL, '3616a0ba-f5dd-4260-8af1-2a562ecca53d', NULL, TRUE, NULL, NULL, '2026-03-03T15:37:49.406569+00:00', '2026-04-09T10:31:33.752977+00:00', 'Build', 'Productivité missions', NULL, NULL, NULL, NULL, 'abandon car pas d''usage', 'Non');
INSERT INTO public.use_cases (id, title, description, status, category, priority, sprint_id, owner_id, documentation, is_published, cover_image_url, short_description, created_at, updated_at, deliverable_type, usage_type, tools, target_users, benchmark_url, journey_url, next_steps, transfer_status) VALUES ('365213ea-a940-46f3-bc47-8400415f197a', 'Enrichissement de base I A partir d''une liste de   nom / prénom et infos supplémentaires, identifier et enrichir une base avec les profils LinkedIn, Facebook, Twitter', 'Enrichissement de base I A partir d''une liste de   nom / prénom et infos supplémentaires, identifier et enrichir une base avec les profils LinkedIn, Facebook, Twitter', 'done', 'LAB', 'medium', NULL, 'a7dbac9f-2825-48d9-82ae-9ef33a334d60', NULL, TRUE, NULL, NULL, '2026-03-03T15:37:38.521254+00:00', '2026-04-09T10:31:33.752977+00:00', 'Build', 'Productivité missions', NULL, NULL, NULL, NULL, 'A challenger coté market sur l''usage ==> si utilisé est ce qu''il faut juste plus communiqué dessus ou développé un front ou des features', 'Oui si confirmé');
INSERT INTO public.use_cases (id, title, description, status, category, priority, sprint_id, owner_id, documentation, is_published, cover_image_url, short_description, created_at, updated_at, deliverable_type, usage_type, tools, target_users, benchmark_url, journey_url, next_steps, transfer_status) VALUES ('ede1d37d-0cbd-4303-8faa-7572dcdca4dc', 'Outil de génération de suggestion de maillage interne pour le SEO', 'Outil de génération de suggestion de maillage interne pour le SEO', 'done', 'LAB', 'medium', NULL, '91196727-63f0-4743-8c10-5ec438cfeacb', NULL, TRUE, NULL, NULL, '2026-03-03T15:37:52.029424+00:00', '2026-04-09T10:31:33.752977+00:00', 'Build', 'Productivité missions', NULL, NULL, NULL, NULL, 'Front (comptes etc...) à créer', 'Oui si confirmé');

-- ------------------------------------------------------------
-- Table: sprint_use_cases
-- ------------------------------------------------------------

CREATE TABLE IF NOT EXISTS public.sprint_use_cases (
  id uuid NOT NULL,
  sprint_id uuid NOT NULL,
  use_case_id uuid NOT NULL,
  estimated_days integer,
  assigned_to uuid,
  created_at timestamptz NOT NULL
);

INSERT INTO public.sprint_use_cases (id, sprint_id, use_case_id, estimated_days, assigned_to, created_at) VALUES ('423fcf7c-2725-43a8-b75c-fc76d873610e', 'ff98e50d-8f5b-42f6-ac0f-582293fdaeb0', '70260894-b164-4ed3-bde3-8b2c15b9150b', 5.75, 'a7dbac9f-2825-48d9-82ae-9ef33a334d60', '2026-03-18T13:07:25.451679+00:00');
INSERT INTO public.sprint_use_cases (id, sprint_id, use_case_id, estimated_days, assigned_to, created_at) VALUES ('58f1c5c2-2efc-4882-b598-186e788f714a', 'ff98e50d-8f5b-42f6-ac0f-582293fdaeb0', 'b1cd4a31-09d3-4f09-959b-9d3d6974589b', 5.75, '328df29c-b536-4528-a6cf-18d3222da727', '2026-03-18T13:07:38.646141+00:00');
INSERT INTO public.sprint_use_cases (id, sprint_id, use_case_id, estimated_days, assigned_to, created_at) VALUES ('7a82c8fc-df09-46b4-aecb-e5e596cfe62c', 'ff98e50d-8f5b-42f6-ac0f-582293fdaeb0', '53ac04df-7b3c-4611-817f-bb3ab974a1b8', 5.75, 'c665853c-a0d7-4399-a190-c36f61da163b', '2026-03-18T13:07:46.646329+00:00');
INSERT INTO public.sprint_use_cases (id, sprint_id, use_case_id, estimated_days, assigned_to, created_at) VALUES ('96ad17b4-9851-4013-a323-cef47de9809e', 'ff98e50d-8f5b-42f6-ac0f-582293fdaeb0', 'de268926-9ec3-49e6-9626-04d82073c6d9', 5.75, '3616a0ba-f5dd-4260-8af1-2a562ecca53d', '2026-03-18T13:07:57.789848+00:00');
INSERT INTO public.sprint_use_cases (id, sprint_id, use_case_id, estimated_days, assigned_to, created_at) VALUES ('29dc4b67-a3a0-4078-ac1d-dc9eb110fcf7', '644bf017-3255-4a0f-9043-344638ccab0b', 'b1cd4a31-09d3-4f09-959b-9d3d6974589b', NULL, NULL, '2026-03-31T08:21:14.035516+00:00');
INSERT INTO public.sprint_use_cases (id, sprint_id, use_case_id, estimated_days, assigned_to, created_at) VALUES ('0a9ff560-7577-401f-be25-b08ff1375f93', 'd07434b1-504a-4c1b-a665-c9572646fbab', '1ed7fb2c-95bb-4680-b3e6-df064f334c19', 4, '886732c3-3bc7-4c3e-a17c-aa455544334c', '2026-04-09T07:56:34.829867+00:00');
INSERT INTO public.sprint_use_cases (id, sprint_id, use_case_id, estimated_days, assigned_to, created_at) VALUES ('c459b5bc-0e41-4ba4-b398-d8385513ef0f', 'd07434b1-504a-4c1b-a665-c9572646fbab', '05f28e12-2bff-4cf8-ab3f-4bb6791b0384', NULL, NULL, '2026-04-09T10:42:48.054781+00:00');
INSERT INTO public.sprint_use_cases (id, sprint_id, use_case_id, estimated_days, assigned_to, created_at) VALUES ('34bbc7a0-eaa6-4401-87dd-504d30b94c04', 'f1c65f16-355e-4952-912d-1ed57fab449d', 'df5cbba5-3b85-4b10-80a0-2a294782c555', NULL, NULL, '2026-04-09T13:44:30.632324+00:00');
INSERT INTO public.sprint_use_cases (id, sprint_id, use_case_id, estimated_days, assigned_to, created_at) VALUES ('5f89864d-92cb-47a4-a0a4-9ea112fcd327', 'f1c65f16-355e-4952-912d-1ed57fab449d', 'e75ea23c-9e12-4f19-a87d-b3453cf587a2', NULL, NULL, '2026-04-09T13:44:40.923773+00:00');
INSERT INTO public.sprint_use_cases (id, sprint_id, use_case_id, estimated_days, assigned_to, created_at) VALUES ('3d932f66-d6b9-4030-853b-d4c737121bd6', 'f1c65f16-355e-4952-912d-1ed57fab449d', '4ff98520-e966-4475-9f15-c59c05919621', NULL, NULL, '2026-04-09T13:44:51.447552+00:00');
INSERT INTO public.sprint_use_cases (id, sprint_id, use_case_id, estimated_days, assigned_to, created_at) VALUES ('7b1895a9-b7b3-4ec3-b746-0e80987f964f', 'f1c65f16-355e-4952-912d-1ed57fab449d', '09d1169b-238d-4efb-a69b-4376d5ff862e', NULL, NULL, '2026-04-09T13:45:03.616001+00:00');
INSERT INTO public.sprint_use_cases (id, sprint_id, use_case_id, estimated_days, assigned_to, created_at) VALUES ('0ced52aa-bfd9-43af-8225-9c7452ca3a73', 'e9945cad-2786-466c-b58d-1d95042b66ef', 'c512ed8b-39e1-4844-893a-6f3449ca01be', NULL, NULL, '2026-04-09T13:56:39.45553+00:00');
INSERT INTO public.sprint_use_cases (id, sprint_id, use_case_id, estimated_days, assigned_to, created_at) VALUES ('bb2d06f9-c212-4136-bdf5-84bc80f3ea19', 'e9945cad-2786-466c-b58d-1d95042b66ef', '6dee530c-44bb-4620-a0bd-016f3a4ecf29', NULL, NULL, '2026-04-09T13:56:47.62873+00:00');
INSERT INTO public.sprint_use_cases (id, sprint_id, use_case_id, estimated_days, assigned_to, created_at) VALUES ('907ef9fb-62b9-4dde-8937-9e77fe5ca51b', 'e9945cad-2786-466c-b58d-1d95042b66ef', 'd700f53c-f4a5-40b0-9890-36db20ec5efe', NULL, NULL, '2026-04-09T13:57:06.98043+00:00');
INSERT INTO public.sprint_use_cases (id, sprint_id, use_case_id, estimated_days, assigned_to, created_at) VALUES ('ebaca125-a237-4694-9db1-3cb545477ac2', 'e9945cad-2786-466c-b58d-1d95042b66ef', '49de9914-4440-4660-90e1-06752b335777', NULL, NULL, '2026-04-09T13:57:20.222346+00:00');
INSERT INTO public.sprint_use_cases (id, sprint_id, use_case_id, estimated_days, assigned_to, created_at) VALUES ('56e9696b-3438-4867-b753-12a7ab62fc98', '08e9415b-be21-40e8-a9be-0bd43ef6f1e3', 'ede1d37d-0cbd-4303-8faa-7572dcdca4dc', NULL, NULL, '2026-04-09T14:37:27.430041+00:00');
INSERT INTO public.sprint_use_cases (id, sprint_id, use_case_id, estimated_days, assigned_to, created_at) VALUES ('8e82f48a-9374-4638-8e52-2b9931da1018', '08e9415b-be21-40e8-a9be-0bd43ef6f1e3', 'c89ced71-6982-4ab9-885b-874c3c1b06c2', NULL, NULL, '2026-04-09T14:37:35.633412+00:00');
INSERT INTO public.sprint_use_cases (id, sprint_id, use_case_id, estimated_days, assigned_to, created_at) VALUES ('cc251e86-73f8-4056-8a80-df934a390c1b', '08e9415b-be21-40e8-a9be-0bd43ef6f1e3', 'ec728565-e42b-4bd3-b8d7-2ecc3eaf45ae', NULL, NULL, '2026-04-09T14:37:40.37654+00:00');
INSERT INTO public.sprint_use_cases (id, sprint_id, use_case_id, estimated_days, assigned_to, created_at) VALUES ('2b0949f2-42fb-409f-8197-0186c6b8cd88', '14b42bc5-6b8a-4bbb-9b71-b9b4a942f575', 'd3ee69cd-5b52-48d5-80bc-9fa6d21d5ae3', NULL, NULL, '2026-04-09T14:39:25.890587+00:00');
INSERT INTO public.sprint_use_cases (id, sprint_id, use_case_id, estimated_days, assigned_to, created_at) VALUES ('55450a04-2a91-4daf-bbe7-e80816f33cdb', 'a1d5bd60-75c0-43f1-abed-2047ee2efde1', 'd3ee69cd-5b52-48d5-80bc-9fa6d21d5ae3', NULL, NULL, '2026-04-09T14:40:57.939875+00:00');
INSERT INTO public.sprint_use_cases (id, sprint_id, use_case_id, estimated_days, assigned_to, created_at) VALUES ('7834b212-3e01-413e-8be3-b58511cad813', 'a1d5bd60-75c0-43f1-abed-2047ee2efde1', '7b0c165b-6eea-406a-b0cf-860a43d1a0eb', NULL, NULL, '2026-04-09T14:41:06.541483+00:00');
INSERT INTO public.sprint_use_cases (id, sprint_id, use_case_id, estimated_days, assigned_to, created_at) VALUES ('85ed6b0f-e6e1-4c35-944f-a68261c7e7cc', 'a1d5bd60-75c0-43f1-abed-2047ee2efde1', '60252ded-d375-4a09-83f8-2eafedf37464', NULL, NULL, '2026-04-09T14:41:13.584835+00:00');
INSERT INTO public.sprint_use_cases (id, sprint_id, use_case_id, estimated_days, assigned_to, created_at) VALUES ('3b614cc0-2439-435d-a120-1f67ae77d339', 'a1d5bd60-75c0-43f1-abed-2047ee2efde1', '4ec42e1e-64c1-4de8-98b9-5002a9c5be36', NULL, NULL, '2026-04-09T14:41:21.493161+00:00');
INSERT INTO public.sprint_use_cases (id, sprint_id, use_case_id, estimated_days, assigned_to, created_at) VALUES ('b2a15d63-6276-4975-9bf1-d99ac33fc1ab', 'a1d5bd60-75c0-43f1-abed-2047ee2efde1', 'ede1d37d-0cbd-4303-8faa-7572dcdca4dc', NULL, NULL, '2026-04-09T14:41:57.822942+00:00');
INSERT INTO public.sprint_use_cases (id, sprint_id, use_case_id, estimated_days, assigned_to, created_at) VALUES ('7488139b-11e6-49dc-ae97-afeb1e15c0c9', 'a1d5bd60-75c0-43f1-abed-2047ee2efde1', '18d383f0-ae15-42b8-82de-ec788df7e174', NULL, NULL, '2026-04-09T14:42:25.296522+00:00');
INSERT INTO public.sprint_use_cases (id, sprint_id, use_case_id, estimated_days, assigned_to, created_at) VALUES ('b9263639-f355-44b6-8fcf-23840bff9bf6', 'a474f3c4-ef19-4611-a940-8739c1b936e5', '50d2bd6d-7176-42fd-b8bd-37986b0a7b47', NULL, NULL, '2026-04-09T14:44:56.907373+00:00');
INSERT INTO public.sprint_use_cases (id, sprint_id, use_case_id, estimated_days, assigned_to, created_at) VALUES ('856df328-a59a-465e-a202-0f880c8423fa', 'a474f3c4-ef19-4611-a940-8739c1b936e5', 'bf80da98-8340-461f-8fa5-18a20b216aa3', NULL, NULL, '2026-04-09T14:45:10.723282+00:00');
INSERT INTO public.sprint_use_cases (id, sprint_id, use_case_id, estimated_days, assigned_to, created_at) VALUES ('b289ff84-2430-42e7-95ba-537e5ff668bf', 'a474f3c4-ef19-4611-a940-8739c1b936e5', '7b0c165b-6eea-406a-b0cf-860a43d1a0eb', NULL, NULL, '2026-04-09T14:46:05.447377+00:00');
INSERT INTO public.sprint_use_cases (id, sprint_id, use_case_id, estimated_days, assigned_to, created_at) VALUES ('b8d24713-0a93-484d-87bd-10a59a73ee33', '95c0d01a-49c3-4c85-b704-ef7e6a489917', '1d7b42ef-fdf0-4c7a-ab39-804b10ccee2a', NULL, NULL, '2026-04-09T14:47:45.078668+00:00');
INSERT INTO public.sprint_use_cases (id, sprint_id, use_case_id, estimated_days, assigned_to, created_at) VALUES ('85b9a09f-8eb6-4c54-8f3f-8667344748fa', '95c0d01a-49c3-4c85-b704-ef7e6a489917', '986f5e3c-3aa7-412c-936c-b7002ec7339b', NULL, NULL, '2026-04-09T14:48:18.295933+00:00');
INSERT INTO public.sprint_use_cases (id, sprint_id, use_case_id, estimated_days, assigned_to, created_at) VALUES ('6a51781c-8e20-447a-8260-4f4f14da6df6', '95c0d01a-49c3-4c85-b704-ef7e6a489917', 'e6b0359a-9de2-44f4-a5d5-fe2a28e4152c', NULL, NULL, '2026-04-09T14:48:24.825836+00:00');
INSERT INTO public.sprint_use_cases (id, sprint_id, use_case_id, estimated_days, assigned_to, created_at) VALUES ('ec204afe-b31f-454b-8b76-35c343a50ebd', '95c0d01a-49c3-4c85-b704-ef7e6a489917', 'aedb7fc1-0b24-4554-a3cd-c2556805a27b', NULL, NULL, '2026-04-09T14:48:54.354079+00:00');
INSERT INTO public.sprint_use_cases (id, sprint_id, use_case_id, estimated_days, assigned_to, created_at) VALUES ('24147257-3710-4e97-ab5f-498e03d6a002', '6a2ed348-533c-4849-a3a8-2bd363526a59', 'a5efa13f-0d4c-45bc-bd2a-6c089fb24594', NULL, NULL, '2026-04-09T14:50:54.671574+00:00');
INSERT INTO public.sprint_use_cases (id, sprint_id, use_case_id, estimated_days, assigned_to, created_at) VALUES ('d9f4a572-2909-417d-8a93-78add67200a9', '6a2ed348-533c-4849-a3a8-2bd363526a59', '48e88d79-0ec6-4a52-8a54-f6d951b455bd', NULL, NULL, '2026-04-09T14:51:07.385712+00:00');
INSERT INTO public.sprint_use_cases (id, sprint_id, use_case_id, estimated_days, assigned_to, created_at) VALUES ('213a972f-d23a-4dbb-ba15-e293773fc2d0', '6a2ed348-533c-4849-a3a8-2bd363526a59', '8a466b35-5e8f-4b47-aab4-00ff892b4482', NULL, NULL, '2026-04-09T14:51:17.870681+00:00');
INSERT INTO public.sprint_use_cases (id, sprint_id, use_case_id, estimated_days, assigned_to, created_at) VALUES ('194f60fc-bead-40c2-b62b-adcd0a264472', 'a0a633e4-c344-4e30-82d1-3c2707024d60', '1048576d-65cb-4daf-b536-dd1511f83eec', NULL, NULL, '2026-04-13T08:51:12.575232+00:00');
INSERT INTO public.sprint_use_cases (id, sprint_id, use_case_id, estimated_days, assigned_to, created_at) VALUES ('fb57d92e-6113-4094-8b15-bc46eec412db', 'a0a633e4-c344-4e30-82d1-3c2707024d60', '4825223d-19c0-470e-b9c5-ea340d9ec0b3', NULL, NULL, '2026-04-13T08:51:29.455778+00:00');
INSERT INTO public.sprint_use_cases (id, sprint_id, use_case_id, estimated_days, assigned_to, created_at) VALUES ('aacaa78e-0dc8-487e-8c86-e5fc930ee8ed', 'a0a633e4-c344-4e30-82d1-3c2707024d60', 'c5806baa-5768-4f1f-afea-c20ce0a608a8', NULL, NULL, '2026-04-13T08:52:08.115755+00:00');
INSERT INTO public.sprint_use_cases (id, sprint_id, use_case_id, estimated_days, assigned_to, created_at) VALUES ('488de509-6492-48ea-87ad-6336c1e623ac', 'b27a40be-3cce-4d27-b1cd-b924a2e87caf', 'c0397187-4f05-43df-a05e-5e2e1d6941aa', NULL, NULL, '2026-04-14T15:37:29.110855+00:00');
INSERT INTO public.sprint_use_cases (id, sprint_id, use_case_id, estimated_days, assigned_to, created_at) VALUES ('943ddc83-6807-4beb-9cdd-c9c91b8ec6a1', 'd07434b1-504a-4c1b-a665-c9572646fbab', '4ff98520-e966-4475-9f15-c59c05919621', NULL, NULL, '2026-04-15T07:36:42.701+00:00');
INSERT INTO public.sprint_use_cases (id, sprint_id, use_case_id, estimated_days, assigned_to, created_at) VALUES ('9d7f228c-debe-4590-8cbe-bf0835807193', 'd07434b1-504a-4c1b-a665-c9572646fbab', '09d1169b-238d-4efb-a69b-4376d5ff862e', NULL, NULL, '2026-04-15T07:37:09.116378+00:00');
INSERT INTO public.sprint_use_cases (id, sprint_id, use_case_id, estimated_days, assigned_to, created_at) VALUES ('4b15bfdf-4126-4156-8734-c262a8d18116', 'b27a40be-3cce-4d27-b1cd-b924a2e87caf', 'df5cbba5-3b85-4b10-80a0-2a294782c555', NULL, NULL, '2026-04-15T07:36:19.994881+00:00');
INSERT INTO public.sprint_use_cases (id, sprint_id, use_case_id, estimated_days, assigned_to, created_at) VALUES ('4a9e0597-47b9-4fd9-b436-5c4f540cd2f4', 'b27a40be-3cce-4d27-b1cd-b924a2e87caf', 'b77137d0-09a2-44c9-819e-cd168de4a1d8', NULL, NULL, '2026-04-09T10:43:51.84294+00:00');
INSERT INTO public.sprint_use_cases (id, sprint_id, use_case_id, estimated_days, assigned_to, created_at) VALUES ('af6b7638-8e85-4b95-a2e6-dac955e7a8c5', 'd07434b1-504a-4c1b-a665-c9572646fbab', 'fdc0a04f-2dae-458c-9f7c-7b9af385c5e3', NULL, NULL, '2026-04-15T07:59:14.254723+00:00');

-- ------------------------------------------------------------
-- Table: tags
-- ------------------------------------------------------------

CREATE TABLE IF NOT EXISTS public.tags (
  id uuid NOT NULL,
  name text NOT NULL,
  color text NOT NULL
);

INSERT INTO public.tags (id, name, color) VALUES ('022eecf1-1ac5-42b5-ad51-f34fdd6898e1', 'BDD : Enrichissement & scoring de base', '#ef4444');
INSERT INTO public.tags (id, name, color) VALUES ('af86c43e-adbd-47b7-8077-56a216327273', 'Benchmark tools', '#f97316');
INSERT INTO public.tags (id, name, color) VALUES ('aa0953c2-0d53-4afb-9d50-80603b8a162e', 'Audit', '#eab308');
INSERT INTO public.tags (id, name, color) VALUES ('b60333a3-adea-4e1d-bdf8-f58221b51e35', 'Note de frais', '#22c55e');
INSERT INTO public.tags (id, name, color) VALUES ('9be68b66-380d-4c80-84e0-457aada82464', 'Feeback tools', '#14b8a6');
INSERT INTO public.tags (id, name, color) VALUES ('d69a896f-05cc-4ecb-9712-f3247e46af6a', 'Product/project management tools', '#3b82f6');
INSERT INTO public.tags (id, name, color) VALUES ('9cc3a619-9e5f-4494-9fad-5b49f7cfe927', 'Analytics tools', '#6366f1');
INSERT INTO public.tags (id, name, color) VALUES ('f3534806-356a-4a9c-86f6-80897bde70b9', 'Tool for RH', '#8b5cf6');
INSERT INTO public.tags (id, name, color) VALUES ('7cb761b5-0b9e-4002-94fd-0931989828ae', 'Paid Ads', '#ec4899');
INSERT INTO public.tags (id, name, color) VALUES ('4e40e8b8-af1d-4d31-add7-2ecb9a8649da', 'SEO', '#64748b');
INSERT INTO public.tags (id, name, color) VALUES ('9e5837e8-c06f-4c8d-80b6-76ec2d34e1bc', 'GEO & content tools', '#0ea5e9');
INSERT INTO public.tags (id, name, color) VALUES ('c475d624-39f3-4972-8733-bcd99caecae7', 'Sales tools', '#84cc16');
INSERT INTO public.tags (id, name, color) VALUES ('4efe3121-1ad9-42ea-9505-fb8e01da20c0', 'Design UX/UI', '#ef4444');
INSERT INTO public.tags (id, name, color) VALUES ('9f5436d9-fd44-4e68-8daf-21c630c374bc', 'REX', '#f97316');
INSERT INTO public.tags (id, name, color) VALUES ('604937bd-dcfe-443d-834c-f1566d927e62', 'Vibe Coding', '#eab308');
INSERT INTO public.tags (id, name, color) VALUES ('ce5011df-666a-4882-9361-73664bd08563', 'RAG', '#22c55e');

-- ------------------------------------------------------------
-- Table: interest_requests
-- ------------------------------------------------------------

CREATE TABLE IF NOT EXISTS public.interest_requests (
  id uuid NOT NULL,
  use_case_id uuid NOT NULL,
  requester_id uuid NOT NULL,
  type text NOT NULL,
  message text,
  status text NOT NULL,
  created_at timestamptz NOT NULL,
  is_read boolean NOT NULL,
  is_archived boolean NOT NULL
);

-- (table vide)

-- ============================================================
-- Fin du dump
-- ============================================================